rule,K,quantity,n_blocks,mean,se,ci_low,ci_high,n_positive,pooled_all_blocks,rel_gap
C,3,conv_real,8,0.32439131584614045,0.016627834061895448,0.2850727361719219,0.363709895520359,8,0.30980324677939136,0.04708817360179942
C,3,conv_sim,8,0.2648882321028697,0.006897574399667032,0.24857806040025152,0.28119840380548794,8,0.2639215718291183,0.0036626800418470664
C,3,conv_indep,8,0.3500387500889268,0.017947085817118964,0.3076006357203504,0.39247686445750324,8,0.3533233235464232,0.009296225973785243
C,3,conv_real_x_K,8,0.9731739475384213,0.04988350218568635,0.8552182085157658,1.091129686561077,8,,
C,3,real_over_indep,8,0.9433773125281164,0.06573700138518551,0.7879340048257183,1.0988206202305144,8,,
C,3,real_over_sim,8,1.2261647335435917,0.06141410872625755,1.080943442659527,1.3713860244276563,8,,
C,5,conv_real,8,0.18739032661143512,0.01285747821705781,0.15698722180505428,0.21779343141781596,8,0.17649680453946723,0.061720789225574585
C,5,conv_sim,8,0.1394035600978697,0.005505495456694014,0.12638513202393714,0.15242198817180225,8,0.1386175078657554,0.005670656212312924
C,5,conv_indep,8,0.1874722863899228,0.017804917004319493,0.14537034784391217,0.22957422493593344,8,0.19127376747605981,0.019874555388850225
C,5,conv_real_x_K,8,0.9369516330571757,0.06428739108528904,0.7849361090252714,1.0889671570890798,8,,
C,5,real_over_indep,8,1.080300324253149,0.14484564272056574,0.7377948047385554,1.4228058437677427,8,,
C,5,real_over_sim,8,1.3483477271196764,0.09312885002137666,1.128132989836182,1.5685624644031708,8,,
C,7,conv_real,8,0.13106226070458787,0.0086795734392794,0.11053833085658721,0.15158619055258854,8,0.12382924249656842,0.05841122873880052
C,7,conv_sim,8,0.09571539560946646,0.0035300633309284456,0.08736812224749466,0.10406266897143826,8,0.09550005392997467,0.0022548854228887573
C,7,conv_indep,8,0.11320037041494993,0.014959115263482975,0.07782768368054631,0.14857305714935354,8,0.11595037212414991,0.023717058072530443
C,7,conv_real_x_K,8,0.9174358249321152,0.06075701407495581,0.7737683159961105,1.0611033338681197,8,,
C,7,real_over_indep,8,1.3770491218944394,0.26400155763948124,0.7527846362418519,2.001313607547027,8,,
C,7,real_over_sim,8,1.3769566801650623,0.10176603719122466,1.1363182406341994,1.6175951196959253,8,,
C,9,conv_real,8,0.10125238825249233,0.009304343580226013,0.07925111177753827,0.1232536647274464,8,0.09385271141736733,0.07884350620642488
C,9,conv_sim,8,0.07136638498241418,0.0032526764112289675,0.06367502745783839,0.07905774250698998,8,0.07069782622102884,0.009456567438087406
C,9,conv_indep,8,0.07285385633792654,0.012058068130856298,0.04434105600834567,0.10136665666750741,8,0.07520989698000202,0.031326204883672965
C,9,conv_real_x_K,8,0.9112714942724309,0.0837390922220341,0.7132600059978444,1.1092829825470174,8,,
C,9,real_over_indep,8,1.8860679930924331,0.4851119337139489,0.7389605498953584,3.0331754362895076,8,,
C,9,real_over_sim,8,1.4278353405654798,0.14116313554935148,1.0940375668146038,1.7616331143163557,8,,
C,11,conv_real,8,0.08365271736542451,0.008071307476710797,0.064567107963932,0.10273832676691702,8,0.0775959688000727,0.07805493840739486
C,11,conv_sim,8,0.057649172462909765,0.0028631424284949877,0.05087891644072626,0.06441942848509327,8,0.05714266188000679,0.00886396548985753
C,11,conv_indep,8,0.048913067588166596,0.009463448121475858,0.026535568656434607,0.07129056651989858,8,0.050802906827087095,0.03719943123240488
C,11,conv_real_x_K,8,0.9201798910196697,0.08878438224381875,0.7102381876032521,1.1301215944360872,8,,
C,11,real_over_indep,8,2.699367067399873,0.8333373389466693,0.7288373859687829,4.669896748830963,8,,
C,11,real_over_sim,8,1.4680561311731917,0.16319024427582202,1.0821725219352325,1.8539397404111508,8,,
C,12,conv_real,8,0.08349534629114831,0.011234018162139661,0.05693111450211907,0.11005957808017755,8,0.07582882120469149,0.10110304979899248
C,12,conv_sim,8,0.05463558932020317,0.002520792590207326,0.04867486202816353,0.0605963166122428,8,0.05426751783892126,0.0067825376199152935
C,12,conv_indep,8,0.0671292424416024,0.0122283251053189,0.03821384834120445,0.09604463654200035,8,0.06950888806402795,0.03423512717155754
C,12,conv_real_x_K,8,1.0019441554937796,0.1348082179456759,0.6831733740254288,1.3207149369621303,8,,
C,12,real_over_indep,8,1.757668526255614,0.47244543406453043,0.6405125953123458,2.874824457198882,8,,
C,12,real_over_sim,8,1.539805836183751,0.2220857332801207,1.014656525336811,2.064955147030691,8,,
A,3,conv_real,8,0.3255798119650363,0.01751431924523032,0.2841650279276265,0.36699459600244616,8,0.31007733724039777,0.049995510354308
A,3,conv_sim,8,0.2654382815731582,0.0069178209978164535,0.24908023427354362,0.2817963288727728,8,0.2647842477079744,0.002470063347216688
A,3,conv_indep,8,0.3500387500889268,0.017947085817118964,0.3076006357203504,0.39247686445750324,8,0.3533233235464232,0.009296225973785243
A,3,conv_real_x_K,8,0.9767394358951089,0.05254295773569095,0.8524950837828794,1.1009837880073383,8,,
A,3,real_over_indep,8,0.94669501626093,0.06719648734679323,0.7878005726588551,1.105589459863005,8,,
A,3,real_over_sim,8,1.229308550685238,0.06883162045732256,1.066547631675423,1.3920694696950529,8,,
A,5,conv_real,8,0.18793699630444138,0.013099662778262043,0.15696121601127566,0.2189127765976071,8,0.17710454916600873,0.06116413829821428
A,5,conv_sim,8,0.14010760494037766,0.005662423132232736,0.12671810187912017,0.15349710800163516,8,0.13943583720095992,0.00481775526939723
A,5,conv_indep,8,0.1874722863899228,0.017804917004319493,0.14537034784391217,0.22957422493593344,8,0.19127376747605981,0.019874555388850225
A,5,conv_real_x_K,8,0.939684981522207,0.06549831389131021,0.7848060800563784,1.0945638829880358,8,,
A,5,real_over_indep,8,1.0843042391094437,0.1471969089878384,0.7362388583573052,1.4323696198615823,8,,
A,5,real_over_sim,8,1.3466549103536574,0.09725305435308089,1.116687979488891,1.5766218412184236,8,,
A,7,conv_real,8,0.13091829796954205,0.008147956473822899,0.111651442490618,0.1501851534484661,8,0.12427382785477238,0.05346636721075703
A,7,conv_sim,8,0.09575729902065658,0.0037331516047863765,0.08692979820110619,0.10458479984020697,8,0.095765106257168,8.152485614598013e-05
A,7,conv_indep,8,0.11320037041494993,0.014959115263482975,0.07782768368054631,0.14857305714935354,8,0.11595037212414991,0.023717058072530443
A,7,conv_real_x_K,8,0.9164280857867944,0.05703569531676032,0.781560097434326,1.0512960741392627,8,,
A,7,real_over_indep,8,1.3756719553479317,0.2635100726293724,0.7525696470695418,1.9987742636263217,8,,
A,7,real_over_sim,8,1.3754473474076603,0.09574012654081851,1.1490579223386788,1.6018367724766418,8,,
A,9,conv_real,8,0.10211863539093552,0.009885888234094371,0.07874222432406021,0.12549504645781084,8,0.09433410395339685,0.08252086055096682
A,9,conv_sim,8,0.07119303456811726,0.0034097348031631677,0.06313029296105768,0.07925577617517685,8,0.07062555428545102,0.008035055985155625
A,9,conv_indep,8,0.07285385633792654,0.012058068130856298,0.04434105600834567,0.10136665666750741,8,0.07520989698000202,0.031326204883672965
A,9,conv_real_x_K,8,0.9190677185184195,0.08897299410684935,0.7086800189165416,1.1294554181202974,8,,
A,9,real_over_indep,8,1.9087404864668562,0.496433522999143,0.7348617386794385,3.082619234254274,8,,
A,9,real_over_sim,8,1.4463032843010164,0.15424944110789313,1.0815613150626593,1.8110452535393735,8,,
A,11,conv_real,8,0.0835292065556136,0.008673187973618497,0.06302037593457244,0.10403803717665477,8,0.07662977557403698,0.09003590223111951
A,11,conv_sim,8,0.05671784554856653,0.0029570780691383063,0.04972546703242892,0.06371022406470413,8,0.056045416770995116,0.011997926258965947
A,11,conv_indep,8,0.048913067588166596,0.009463448121475858,0.026535568656434607,0.07129056651989858,8,0.050802906827087095,0.03719943123240488
A,11,conv_real_x_K,8,0.9188212721117496,0.09540506770980346,0.6932241352802967,1.1444184089432023,8,,
A,11,real_over_indep,8,2.701910893351391,0.8429625242416465,0.7086212653457233,4.695200521357059,8,,
A,11,real_over_sim,8,1.487362933469597,0.17010909999102838,1.0851188302141894,1.8896070367250046,8,,
A,12,conv_real,8,0.07741148797472688,0.005455397503635401,0.06451152273555188,0.09031145321390188,8,0.0749596323262923,0.0327090138030812
A,12,conv_sim,8,0.05275894520764366,0.0038628353112934613,0.04362479115065018,0.06189309926463714,8,0.052874964415332786,0.0021942181705843626
A,12,conv_indep,8,0.0671292424416024,0.0122283251053189,0.03821384834120445,0.09604463654200035,8,0.06950888806402795,0.03423512717155754
A,12,conv_real_x_K,8,0.9289378556967227,0.06546477004362482,0.7741382728266226,1.0837374385668228,8,,
A,12,real_over_indep,8,1.72357959114766,0.5099168251744899,0.5178179000448633,2.9293412822504568,8,,
A,12,real_over_sim,8,1.4963663233945939,0.11605832673001658,1.2219319894095175,1.7708006573796702,8,,
