目標,候選,做法,區塊數,平均,95% 區間,為正,對得上
Judge EN+S1 +0.64（0.22 到 1.06），13 / 16,(a) EN+S1 的 Excess − EN+ZH 的 Excess,aggregation_cells.csv，both_answered，Excess = 100·d·(c−m)·(recovery_H2 − recovery_blind_H2)，每個區塊相減,16,+0.635,+0.214 到 +1.055,11,否
Judge EN+S1 +0.64（0.22 到 1.06），13 / 16,(b) 題目範圍：子集一（12 條 path 都有答案）,聚合 − L:en，同一批題目（子集一（12 條 path 都有答案））,16,+0.704,+0.286 到 +1.123,14,否
Judge EN+S1 +0.64（0.22 到 1.06），13 / 16,(b) 題目範圍：各自的 both_answered,聚合 − L:en，同一批題目（各自的 both_answered）,16,+0.689,+0.289 到 +1.090,14,否
Judge EN+S1 +0.64（0.22 到 1.06），13 / 16,(b) 題目範圍：EN／S1／ZH 三條都有答案,聚合 − L:en，同一批題目（EN／S1／ZH 三條都有答案）,16,+0.697,+0.293 到 +1.101,14,否
Judge EN+S1 +0.64（0.22 到 1.06），13 / 16,(c) 單用英文改用全部題目,聚合（各自的 both_answered）− L:en（該資料集全部題目）,16,+0.843,+0.393 到 +1.293,15,否
Judge EN+S1 +0.64（0.22 到 1.06），13 / 16,(d) 含舊模型的列,各自的 both_answered，加上舊模型的區塊 0 個,16,+0.689,+0.289 到 +1.090,14,否
Debate EN+S1 +0.87（0.43 到 1.30），16 / 16,(a) EN+S1 的 Excess − EN+ZH 的 Excess,aggregation_cells.csv，both_answered，Excess = 100·d·(c−m)·(recovery_H2 − recovery_blind_H2)，每個區塊相減,16,+0.186,-0.509 到 +0.881,9,否
Debate EN+S1 +0.87（0.43 到 1.30），16 / 16,(b) 題目範圍：子集一（12 條 path 都有答案）,聚合 − L:en，同一批題目（子集一（12 條 path 都有答案））,16,+0.885,+0.472 到 +1.298,16,否
Debate EN+S1 +0.87（0.43 到 1.30），16 / 16,(b) 題目範圍：各自的 both_answered,聚合 − L:en，同一批題目（各自的 both_answered）,16,+0.917,+0.496 到 +1.339,16,否
Debate EN+S1 +0.87（0.43 到 1.30），16 / 16,(b) 題目範圍：EN／S1／ZH 三條都有答案,聚合 − L:en，同一批題目（EN／S1／ZH 三條都有答案）,16,+0.910,+0.491 到 +1.328,16,否
Debate EN+S1 +0.87（0.43 到 1.30），16 / 16,(c) 單用英文改用全部題目,聚合（各自的 both_answered）− L:en（該資料集全部題目）,16,+1.071,+0.586 到 +1.556,16,否
Debate EN+S1 +0.87（0.43 到 1.30），16 / 16,(d) 含舊模型的列,各自的 both_answered，加上舊模型的區塊 0 個,16,+0.917,+0.496 到 +1.339,16,否
Debate 兩者相減 −0.13（−0.91 到 0.64）,(a) EN+S1 的 Excess − EN+ZH 的 Excess,aggregation_cells.csv，both_answered，Excess = 100·d·(c−m)·(recovery_H2 − recovery_blind_H2)，每個區塊相減,16,+0.186,-0.509 到 +0.881,9,否
Debate 兩者相減 −0.13（−0.91 到 0.64）,(b) 題目範圍：子集一（12 條 path 都有答案）,兩個配對各自的（聚合 − L:en）相減（子集一（12 條 path 都有答案））,16,-0.130,-0.894 到 +0.635,7,否
Debate 兩者相減 −0.13（−0.91 到 0.64）,(b) 題目範圍：各自的 both_answered,兩個配對各自的（聚合 − L:en）相減（各自的 both_answered）,16,-0.083,-0.864 到 +0.698,8,否
Debate 兩者相減 −0.13（−0.91 到 0.64）,(b) 題目範圍：EN／S1／ZH 三條都有答案,兩個配對各自的（聚合 − L:en）相減（EN／S1／ZH 三條都有答案）,16,-0.091,-0.870 到 +0.687,8,否
Debate 兩者相減 −0.13（−0.91 到 0.64）,(c) 單用英文改用全部題目,兩個配對的聚合都減同一個 L:en（全部題目）再相減,16,-0.135,-0.912 到 +0.642,6,是
Debate 兩者相減 −0.13（−0.91 到 0.64）,(d) 含舊模型的列,舊模型有 EN+S1 的區塊 0 個，差值無法多加區塊，等於各自的 both_answered,16,-0.083,-0.864 到 +0.698,8,否
