file,column,rows,excluded_rows,excluded_models,used_in
result/analysis/rq3gk/rq3gk_substitutions.csv,host,13968,0,—,A
result/analysis/rq3gk/rq3gk_substitutions.csv（donor 欄）,donor,13968,0,—,A
result/analysis/rq3gk/rq3gk_k_blocks.csv,model,96,0,—,A
result/analysis/items/paths.csv.gz,model,429471,47719,deepseek,B、C
result/analysis/items/aggregations.csv.gz,model,722602,68170,deepseek,B
result/analysis/aggregation_cells.csv,model,1552,176,deepseek,B、C
result/aggregations/（舊模型資料夾）,資料夾,68170,68170,deepseek（40 個檔）,C
result/analysis/rq1/blocks.csv,model,720,0,—,D
result/analysis/rq3/rq3_blocks.csv,model,224,0,—,E
result/analysis/rq3gsk/rq3gsk_blocks.csv,model,32,0,—,G
result/analysis/rq3gj/rq3gj_substitutions.csv,host,1872,0,—,G
result/analysis/rq3gj/rq3gj_blocks.csv,model,8,0,—,G
result/analysis/rq3gjr/rq3gjr_blocks.csv,model,8,0,—,G
