setting,baseline,aggregator,k,metric,mean,se,ci_low,ci_high,n_blocks
probe_dis,pair,debate,25,diff_D_A,-0.36832601853369273,0.07022844291738237,-0.5180144012753181,-0.21863763579206744,16
probe_dis,pair,debate,25,diff_D_S,1.0627790581839276,0.20013962138385463,0.636191553136805,1.4893665632310502,16
probe_dis,pair,debate,25,regret_D,0.5060669040364639,0.07409043789893272,0.348146873846459,0.6639869342264688,16
probe_dis,pair,debate,25,regret_A,0.1377408855027712,0.056796782370789785,0.01668140952929381,0.2588003614762486,16
probe_dis,pair,debate,25,regret_S,1.5688459622203914,0.21055896618018535,1.1200501494420991,2.0176417749986837,16
probe_dis,pair,debate,25,diff_D_A_tieagg,-0.22314627995704897,0.04861745692375658,-0.3267719364234619,-0.11952062349063602,16
probe_dis,pair,debate,25,diff_D_S_tieagg,1.2079587967605714,0.2114960674551052,0.7571655998957076,1.6587519936254351,16
probe_dis,pair,debate,25,diff_D_A_truepath,-0.2453159936726207,0.06413275200764723,-0.3820117187948182,-0.1086202685504232,16
probe_dis,pair,debate,25,diff_D_S_truepath,0.7765746918460208,0.17331192054571254,0.4071690775587698,1.1459803061332718,16
probe_dis,pair,debate,25,regret_S_truepath,1.1596315710214127,0.18385028469827075,0.767763965250248,1.5514991767925772,16
probe_dis,pair,debate,25,tie_rate,11.690104166666666,0.9594495970968006,9.64508575894718,13.735122574386152,16
probe_dis,pair,debate,25,aggregate_rate,64.23958333333333,4.609153125545106,54.415405998474796,74.06376066819186,16
probe_dis,pair,debate,25,short_rate,2.104166666666667,1.3613112806326766,-0.797399643803248,5.0057329771365815,16
probe_dis,pair,debate,50,diff_D_A,-0.17280037736421422,0.04882549176405466,-0.2768694495964411,-0.06873130513198733,16
probe_dis,pair,debate,50,diff_D_S,1.1770493600820648,0.21078460471857197,0.7277726101436677,1.626326110020462,16
probe_dis,pair,debate,50,regret_D,0.3105412628669854,0.0530486022986344,0.19747084360497982,0.42361168212899103,16
probe_dis,pair,debate,50,regret_A,0.1377408855027712,0.056796782370789785,0.01668140952929381,0.2588003614762486,16
probe_dis,pair,debate,50,regret_S,1.4875906229490505,0.2051862407168832,1.050246503417931,1.9249347424801702,16
probe_dis,pair,debate,50,diff_D_A_tieagg,-0.10271098627400027,0.039023164017893935,-0.1858868914862449,-0.019535081061755638,16
probe_dis,pair,debate,50,diff_D_S_tieagg,1.2471387511722791,0.21333967045746327,0.7924160075258466,1.7018614948187116,16
probe_dis,pair,debate,50,diff_D_A_truepath,-0.11444112122996619,0.04894721965855553,-0.21876965032760892,-0.010112592132323475,16
probe_dis,pair,debate,50,diff_D_S_truepath,0.9074495642886753,0.18856088642856156,0.5055415486001693,1.3093575799771813,16
probe_dis,pair,debate,50,regret_S_truepath,1.1596315710214127,0.18385028469827075,0.767763965250248,1.5514991767925772,16
probe_dis,pair,debate,50,tie_rate,6.541666666666667,0.7136037584500758,5.020656260008504,8.06267707332483,16
probe_dis,pair,debate,50,aggregate_rate,74.22916666666666,4.566965724189959,64.4949096492549,83.96342368407842,16
probe_dis,pair,debate,50,short_rate,22.153645833333332,8.770414115368993,3.459950652759048,40.84734101390762,16
probe_dis,pair,debate,100,diff_D_A,-0.05477014590764412,0.04362502863399574,-0.14775469336460656,0.03821440154931832,16
probe_dis,pair,debate,100,diff_D_S,1.2299173531024394,0.21164376201008772,0.7788093527454766,1.6810253534594022,16
probe_dis,pair,debate,100,regret_D,0.1925110314104153,0.03492737612746884,0.11806509143592649,0.26695697138490415,16
probe_dis,pair,debate,100,regret_A,0.1377408855027712,0.056796782370789785,0.01668140952929381,0.2588003614762486,16
probe_dis,pair,debate,100,regret_S,1.422428384512855,0.20020047297542232,0.9957111773685388,1.849145591657171,16
probe_dis,pair,debate,100,diff_D_A_tieagg,-0.021184417583957477,0.04138725057239797,-0.1093992540084637,0.06703041884054875,16
probe_dis,pair,debate,100,diff_D_S_tieagg,1.263503081426126,0.21043666579471365,0.8149679457488692,1.712038217103383,16
probe_dis,pair,debate,100,diff_D_A_truepath,-0.02877599278180501,0.045431221885275506,-0.12561035002340082,0.06805836445979081,16
probe_dis,pair,debate,100,diff_D_S_truepath,0.9931146927368365,0.19448708074148016,0.5785752928731611,1.4076540926005119,16
probe_dis,pair,debate,100,regret_S_truepath,1.1596315710214127,0.18385028469827075,0.767763965250248,1.5514991767925772,16
probe_dis,pair,debate,100,tie_rate,3.953125,0.4841509338379005,2.921181712088866,4.985068287911134,16
probe_dis,pair,debate,100,aggregate_rate,79.94010416666666,4.22902806414573,70.9261442211837,88.95406411214961,16
probe_dis,pair,debate,100,short_rate,50.23958333333333,10.865005451478067,27.081372401275914,73.39779426539074,16
probe_dis,pair,debate,200,diff_D_A,-0.012057133291919903,0.049041253453200234,-0.11658609067842533,0.09247182409458553,16
probe_dis,pair,debate,200,diff_D_S,1.253635598759921,0.21488771570057866,0.7956132747835443,1.7116579227362978,16
probe_dis,pair,debate,200,regret_D,0.1497980187946911,0.033248255337957,0.07893104006394726,0.22066499752543495,16
probe_dis,pair,debate,200,regret_A,0.1377408855027712,0.056796782370789785,0.01668140952929381,0.2588003614762486,16
probe_dis,pair,debate,200,regret_S,1.403433617554612,0.20125173435704577,0.9744756998161701,1.832391535293054,16
probe_dis,pair,debate,200,diff_D_A_tieagg,0.013653357761650442,0.04691691285467544,-0.08634767482151513,0.11365439034481602,16
probe_dis,pair,debate,200,diff_D_S_tieagg,1.2793460898134912,0.2123500367409424,0.8267327005024078,1.7319594791245745,16
probe_dis,pair,debate,200,diff_D_A_truepath,0.007355415317104874,0.04843646555363466,-0.09588446717571146,0.11059529780992121,16
probe_dis,pair,debate,200,diff_D_S_truepath,1.0292461008357465,0.19701132301269259,0.6093264059302127,1.4491657957412802,16
probe_dis,pair,debate,200,regret_S_truepath,1.1596315710214127,0.18385028469827075,0.767763965250248,1.5514991767925772,16
probe_dis,pair,debate,200,tie_rate,3.268229166666666,0.5398201532804526,2.1176297462730367,4.418828587060295,16
probe_dis,pair,debate,200,aggregate_rate,82.2109375,4.263446302497151,73.12361681602394,91.29825818397606,16
probe_dis,pair,debate,200,short_rate,74.50520833333334,8.228667244866335,56.966219273700375,92.04419739296631,16
probe_dis,pair,debate,500,diff_D_A,-0.004953798431203693,0.05244313920306377,-0.11673370365330203,0.10682610679089465,16
probe_dis,pair,debate,500,diff_D_S,1.2576530102500143,0.21553881189977792,0.7982429075757387,1.71706311292429,16
probe_dis,pair,debate,500,regret_D,0.1426946839339749,0.033425550517465256,0.07144980947343824,0.21393955839451154,16
probe_dis,pair,debate,500,regret_A,0.1377408855027712,0.056796782370789785,0.01668140952929381,0.2588003614762486,16
probe_dis,pair,debate,500,regret_S,1.4003476941839892,0.2016630553621852,0.9705130664760636,1.8301823218919147,16
probe_dis,pair,debate,500,diff_D_A_tieagg,0.01974813678132306,0.049951807594077705,-0.08672162081496322,0.12621789437760933,16
probe_dis,pair,debate,500,diff_D_S_tieagg,1.282354945462541,0.2131342798943988,0.8280699814384145,1.7366399094866674,16
probe_dis,pair,debate,500,diff_D_A_truepath,0.013521250177821187,0.05141451948397674,-0.09606620401147528,0.12310870436711766,16
probe_dis,pair,debate,500,diff_D_S_truepath,1.0354119356964628,0.19713434134239302,0.6152300334279934,1.4555938379649322,16
probe_dis,pair,debate,500,regret_S_truepath,1.1596315710214127,0.18385028469827075,0.767763965250248,1.5514991767925772,16
probe_dis,pair,debate,500,tie_rate,3.1953125,0.5388913778310935,2.0466927176158345,4.3439322823841655,16
probe_dis,pair,debate,500,aggregate_rate,82.34114583333334,4.253624235520588,73.27476038955093,91.40753127711575,16
probe_dis,pair,debate,500,short_rate,100.0,0.0,100.0,100.0,16
probe_dis,pair,judge,25,diff_D_A,-0.2151659729241924,0.03527825676358725,-0.2903597972710815,-0.13997214857730328,16
probe_dis,pair,judge,25,diff_D_S,0.5169011220728672,0.11198717222166703,0.27820611473247064,0.7555961294132638,16
probe_dis,pair,judge,25,regret_D,0.38365712954897685,0.04153965315160858,0.29511745471627004,0.47219680438168365,16
probe_dis,pair,judge,25,regret_A,0.16849115662478445,0.050897068138468386,0.06000662387072106,0.27697568937884787,16
probe_dis,pair,judge,25,regret_S,0.9005582516218441,0.11044078385323342,0.6651592930666043,1.1359572101770838,16
probe_dis,pair,judge,25,diff_D_A_tieagg,-0.13455088945234298,0.02394613133727539,-0.18559086020909332,-0.08351091869559263,16
probe_dis,pair,judge,25,diff_D_S_tieagg,0.5975162055447166,0.12155984871244487,0.3384175212482609,0.8566148898411723,16
probe_dis,pair,judge,25,diff_D_A_truepath,-0.08365721596402323,0.0474143864095696,-0.18471858832969598,0.017404156401649523,16
probe_dis,pair,judge,25,diff_D_S_truepath,0.33936798663145096,0.09510298380007264,0.1366607750294074,0.5420751982334945,16
probe_dis,pair,judge,25,regret_S_truepath,0.5915163592202586,0.10069644204939691,0.3768869735745852,0.8061457448659319,16
probe_dis,pair,judge,25,tie_rate,14.265625,0.6463581536943913,12.887945207039234,15.643304792960766,16
probe_dis,pair,judge,25,aggregate_rate,52.411458333333336,4.3427080001865495,43.15519533983691,61.66772132682976,16
probe_dis,pair,judge,25,short_rate,12.046874999999998,4.2467765468379834,2.9950850591482645,21.098664940851734,16
probe_dis,pair,judge,50,diff_D_A,-0.10859502823530875,0.026518204738187823,-0.16511724367358027,-0.052072812797037224,16
probe_dis,pair,judge,50,diff_D_S,0.5694867689669216,0.12100784357730643,0.3115646557649034,0.8274088821689398,16
probe_dis,pair,judge,50,regret_D,0.2770861848600932,0.034202627412412735,0.20418501020495572,0.34998735951523063,16
probe_dis,pair,judge,50,regret_A,0.16849115662478445,0.050897068138468386,0.06000662387072106,0.27697568937884787,16
probe_dis,pair,judge,50,regret_S,0.8465729538270148,0.10840754840092547,0.6155077340526128,1.077638173601417,16
probe_dis,pair,judge,50,diff_D_A_tieagg,-0.06515705975000396,0.021418075384665173,-0.11080860679541357,-0.019505512704594358,16
probe_dis,pair,judge,50,diff_D_S_tieagg,0.6129247374522264,0.12602224486230235,0.3443146809100493,0.8815347939944036,16
probe_dis,pair,judge,50,diff_D_A_truepath,-0.02510604524851856,0.03822434939421399,-0.10657931739413407,0.056367226897096945,16
probe_dis,pair,judge,50,diff_D_S_truepath,0.39791915734695565,0.1060269664884478,0.171928027808072,0.6239102868858393,16
probe_dis,pair,judge,50,regret_S_truepath,0.5915163592202586,0.10069644204939691,0.3768869735745852,0.8061457448659319,16
probe_dis,pair,judge,50,tie_rate,10.1640625,0.7254615065079391,8.617777901632543,11.710347098367457,16
probe_dis,pair,judge,50,aggregate_rate,60.31510416666667,4.76783319173228,50.15270827684409,70.47750005648926,16
probe_dis,pair,judge,50,short_rate,40.4765625,9.003598471029091,21.28584663052235,59.66727836947765,16
probe_dis,pair,judge,100,diff_D_A,-0.05357193782818265,0.025584904405212217,-0.10810487069586253,0.000960995039497238,16
probe_dis,pair,judge,100,diff_D_S,0.6019180412770004,0.12501041430091264,0.33546465052508084,0.86837143202892,16
probe_dis,pair,judge,100,regret_D,0.2220630944529671,0.03226517817680532,0.15329149509061019,0.290834693815324,16
probe_dis,pair,judge,100,regret_A,0.16849115662478445,0.050897068138468386,0.06000662387072106,0.27697568937884787,16
probe_dis,pair,judge,100,regret_S,0.8239811357299676,0.10757574511471568,0.5946888626919525,1.0532734087679825,16
probe_dis,pair,judge,100,diff_D_A_tieagg,-0.025540054338742818,0.021043108837920762,-0.07039237910849394,0.019312270431008298,16
probe_dis,pair,judge,100,diff_D_S_tieagg,0.6299499247664403,0.12807898802961515,0.3569560239349611,0.9029438255979194,16
probe_dis,pair,judge,100,diff_D_A_truepath,0.011240272374297283,0.03541601348583675,-0.06424717347562835,0.08672771822422291,16
probe_dis,pair,judge,100,diff_D_S_truepath,0.4342654749697715,0.11072901654199763,0.19825216298104978,0.6702787869584933,16
probe_dis,pair,judge,100,regret_S_truepath,0.5915163592202586,0.10069644204939691,0.3768869735745852,0.8061457448659319,16
probe_dis,pair,judge,100,tie_rate,8.541666666666666,0.9373456663089388,6.543761672180053,10.539571661153278,16
probe_dis,pair,judge,100,aggregate_rate,64.28385416666667,5.043148913695867,53.53463670637934,75.03307162695401,16
probe_dis,pair,judge,100,short_rate,68.8046875,7.991935423326392,51.770280373807886,85.83909462619212,16
probe_dis,pair,judge,200,diff_D_A,-0.04009447784483269,0.027845828618052758,-0.09944645659851664,0.019257500908851262,16
probe_dis,pair,judge,200,diff_D_S,0.6138922340191082,0.1253623369894563,0.34668873781262005,0.8810957302255964,16
probe_dis,pair,judge,200,regret_D,0.20858563446961714,0.03189286255081325,0.14060760707908584,0.27656366186014847,16
probe_dis,pair,judge,200,regret_A,0.16849115662478445,0.050897068138468386,0.06000662387072106,0.27697568937884787,16
probe_dis,pair,judge,200,regret_S,0.8224778684887253,0.10770620341261625,0.5929075301709356,1.052048206806515,16
probe_dis,pair,judge,200,diff_D_A_tieagg,-0.013207577517886093,0.02355773905830727,-0.06341970972813091,0.03700455469235872,16
probe_dis,pair,judge,200,diff_D_S_tieagg,0.6407791343460548,0.12790768177984754,0.36815036414279434,0.9134079045493153,16
probe_dis,pair,judge,200,diff_D_A_truepath,0.022782861955693984,0.037292940801001796,-0.05670515976718893,0.1022708836785769,16
probe_dis,pair,judge,200,diff_D_S_truepath,0.4458080645511682,0.11105359306850818,0.20910293407251618,0.6825131950298202,16
probe_dis,pair,judge,200,regret_S_truepath,0.5915163592202586,0.10069644204939691,0.3768869735745852,0.8061457448659319,16
probe_dis,pair,judge,200,tie_rate,8.174479166666668,0.9988724745138566,6.045432884791939,10.303525448541397,16
probe_dis,pair,judge,200,aggregate_rate,65.1015625,5.161525736399787,54.100030814755584,76.10309418524442,16
probe_dis,pair,judge,200,short_rate,91.16927083333333,2.8135966708340545,85.17223148789559,97.16631017877107,16
probe_dis,pair,judge,500,diff_D_A,-0.03901635742833351,0.02855008722922933,-0.09986942787876633,0.021836713022099316,16
probe_dis,pair,judge,500,diff_D_S,0.6150509685897025,0.1253482966876534,0.34787739857811173,0.8822245386012934,16
probe_dis,pair,judge,500,regret_D,0.20750751405311796,0.03172706416268837,0.13988287756161,0.2751321505446259,16
probe_dis,pair,judge,500,regret_A,0.16849115662478445,0.050897068138468386,0.06000662387072106,0.27697568937884787,16
probe_dis,pair,judge,500,regret_S,0.8225584826428205,0.10784324778220258,0.5926960411657545,1.0524209241198865,16
probe_dis,pair,judge,500,diff_D_A_tieagg,-0.011400432327722532,0.024697340071011008,-0.06404156659861418,0.041240701943169124,16
probe_dis,pair,judge,500,diff_D_S_tieagg,0.6426668936903135,0.1278206638432456,0.37022359782847875,0.9151101895521483,16
probe_dis,pair,judge,500,diff_D_A_truepath,0.023663065705525205,0.03791514992210632,-0.05715116336577908,0.10447729477682949,16
probe_dis,pair,judge,500,diff_D_S_truepath,0.4466882683009994,0.11093210780033395,0.2102420775419895,0.6831344590600092,16
probe_dis,pair,judge,500,regret_S_truepath,0.5915163592202586,0.10069644204939691,0.3768869735745852,0.8061457448659319,16
probe_dis,pair,judge,500,tie_rate,8.135416666666668,0.9964818030432349,6.011465980411579,10.259367352921757,16
probe_dis,pair,judge,500,aggregate_rate,65.08072916666666,5.173144277152878,54.054433148014,76.10702518531932,16
probe_dis,pair,judge,500,short_rate,100.0,0.0,100.0,100.0,16
probe_random,global,debate,25,diff_D_A,-0.085758490894218,0.38572904669004204,-0.9079204921709136,0.7364035103824778,16
probe_random,global,debate,25,diff_D_S,0.02879460326192726,0.01414216455576603,-0.0013487069536918146,0.05893791347754633,16
probe_random,global,debate,25,regret_D,2.183907030692556,0.2224316866769715,1.7098051132068308,2.6580089481782814,16
probe_random,global,debate,25,regret_A,2.098148539798338,0.4456606958265764,1.1482452522049282,3.048051827391748,16
probe_random,global,debate,25,regret_S,2.2127016339544836,0.228015551370204,1.7266979906059006,2.6987052773030666,16
probe_random,global,debate,25,diff_D_A_tieagg,0.12254539380682425,0.3328725137602,-0.5869555743766943,0.8320463619903429,16
probe_random,global,debate,25,diff_D_S_tieagg,0.2370984879629695,0.07569001628013344,0.07576903715926703,0.398427938766672,16
probe_random,global,debate,25,diff_D_A_truepath,1.918642385467384,0.4688804953648962,0.9192472667000334,2.9180375042347344,16
probe_random,global,debate,25,diff_D_S_truepath,-0.03409864986967312,0.01100207551294099,-0.05754901872194553,-0.010648281017400708,16
probe_random,global,debate,25,regret_S_truepath,0.14540750446128126,0.0677275495923785,0.0010496496607289019,0.2897653592618336,16
probe_random,global,debate,25,tie_rate,24.208333333333336,3.2797163523469304,17.217783404558503,31.19888326210817,16
probe_random,global,debate,25,aggregate_rate,2.424479166666667,0.40293732621830125,1.5656385858095976,3.2833197475237363,16
probe_random,global,debate,25,short_rate,0.0,0.0,0.0,0.0,16
probe_random,global,debate,50,diff_D_A,0.3910618650261356,0.41042828704731865,-0.48374532088574906,1.2658690509380204,16
probe_random,global,debate,50,diff_D_S,0.06491519255108491,0.029067820674132026,0.002958599384793141,0.12687178571737667,16
probe_random,global,debate,50,regret_D,1.7070866747722029,0.15233416652893406,1.382394084750879,2.0317792647935264,16
probe_random,global,debate,50,regret_A,2.098148539798338,0.4456606958265764,1.1482452522049282,3.048051827391748,16
probe_random,global,debate,50,regret_S,1.7720018673232876,0.16760180764731722,1.4147670705784163,2.129236664068159,16
probe_random,global,debate,50,diff_D_A_tieagg,0.5049642197083106,0.38010430958477515,-0.30520893822147077,1.315137377638092,16
probe_random,global,debate,50,diff_D_S_tieagg,0.17881754723325996,0.06426478791589921,0.04184039423442121,0.3157947002320987,16
probe_random,global,debate,50,diff_D_A_truepath,1.9096384922617253,0.4669878969085549,0.9142773516140704,2.90499963290938,16
probe_random,global,debate,50,diff_D_S_truepath,-0.04310254307533165,0.016684559531585787,-0.07866483990679521,-0.007540246243868093,16
probe_random,global,debate,50,regret_S_truepath,0.14540750446128126,0.0677275495923785,0.0010496496607289019,0.2897653592618336,16
probe_random,global,debate,50,tie_rate,15.447916666666666,2.3292172897500074,10.483307532919039,20.412525800414294,16
probe_random,global,debate,50,aggregate_rate,4.776041666666667,0.8825638272349023,2.8949013981793374,6.6571819351539965,16
probe_random,global,debate,50,short_rate,0.0,0.0,0.0,0.0,16
probe_random,global,debate,100,diff_D_A,0.8260408991011179,0.44739552563661644,-0.12756009070252528,1.7796418889047612,16
probe_random,global,debate,100,diff_D_S,0.07860514299670024,0.03951554635826308,-0.005620250331165852,0.16283053632456634,16
probe_random,global,debate,100,regret_D,1.2721076406972203,0.09703785251438642,1.0652763540533348,1.4789389273411058,16
probe_random,global,debate,100,regret_A,2.098148539798338,0.4456606958265764,1.1482452522049282,3.048051827391748,16
probe_random,global,debate,100,regret_S,1.3507127836939206,0.12278381545520385,1.089005276039831,1.6124202913480101,16
probe_random,global,debate,100,diff_D_A_tieagg,0.891347231206898,0.4280718944675685,-0.02106641372291329,1.8037608761367092,16
probe_random,global,debate,100,diff_D_S_tieagg,0.1439114751024803,0.06301323670245321,0.009601940368785838,0.2782210098361748,16
probe_random,global,debate,100,diff_D_A_truepath,1.9143641501798778,0.46716362387505156,0.9186284563693411,2.9100998439904147,16
probe_random,global,debate,100,diff_D_S_truepath,-0.038376885157179186,0.023361196648572058,-0.08817009713751066,0.011416326823152287,16
probe_random,global,debate,100,regret_S_truepath,0.14540750446128126,0.0677275495923785,0.0010496496607289019,0.2897653592618336,16
probe_random,global,debate,100,tie_rate,10.778645833333334,1.6130872044429996,7.340431844475013,14.216859822191655,16
probe_random,global,debate,100,aggregate_rate,7.346354166666667,1.4117035137093104,4.337379353905819,10.355328979427515,16
probe_random,global,debate,100,short_rate,0.0,0.0,0.0,0.0,16
probe_random,global,debate,200,diff_D_A,1.18280935751628,0.46811951688893677,0.1850362259756938,2.180582489056866,16
probe_random,global,debate,200,diff_D_S,0.09428540781716704,0.055688554093462496,-0.024411935498224596,0.21298275113255868,16
probe_random,global,debate,200,regret_D,0.9153391822820587,0.07843056486686939,0.7481683904385734,1.082509974125544,16
probe_random,global,debate,200,regret_A,2.098148539798338,0.4456606958265764,1.1482452522049282,3.048051827391748,16
probe_random,global,debate,200,regret_S,1.0096245900992258,0.12022966864758586,0.7533611174975265,1.265888062700925,16
probe_random,global,debate,200,diff_D_A_tieagg,1.2189816664958004,0.4570716982497211,0.24475640297319734,2.1932069300184036,16
probe_random,global,debate,200,diff_D_S_tieagg,0.13045771679668777,0.07163823935338083,-0.02223557591777825,0.2831510095111538,16
probe_random,global,debate,200,diff_D_A_truepath,1.929306655114424,0.4665347665191366,0.9349113390293741,2.923701971199474,16
probe_random,global,debate,200,diff_D_S_truepath,-0.023434380222633194,0.030474121940033107,-0.08838843358304996,0.04151967313778357,16
probe_random,global,debate,200,regret_S_truepath,0.14540750446128126,0.0677275495923785,0.0010496496607289019,0.2897653592618336,16
probe_random,global,debate,200,tie_rate,7.536458333333334,1.342734192923984,4.674488148017936,10.398428518648732,16
probe_random,global,debate,200,aggregate_rate,10.455729166666666,2.191037050293331,5.785644241514314,15.125814091819018,16
probe_random,global,debate,200,short_rate,0.0,0.0,0.0,0.0,16
probe_random,global,debate,500,diff_D_A,1.0256794928918593,0.4749739823490214,-0.01973119368796472,2.0710901794716836,12
probe_random,global,debate,500,diff_D_S,0.20016422891480923,0.11755138967306694,-0.058564635303760604,0.45889309313337906,12
probe_random,global,debate,500,regret_D,0.7564666888986559,0.0490317886647671,0.648548449674754,0.8643849281225577,12
probe_random,global,debate,500,regret_A,1.782146181790515,0.49426426284958924,0.694277874094936,2.870014489486094,12
probe_random,global,debate,500,regret_S,0.9566309178134649,0.13834906478210907,0.6521266793154861,1.2611351563114437,12
probe_random,global,debate,500,diff_D_A_tieagg,1.0583179769573257,0.4691844754600418,0.02564990912439402,2.0909860447902573,12
probe_random,global,debate,500,diff_D_S_tieagg,0.2328027129802753,0.12652828087714313,-0.04568415556222341,0.511289581522774,12
probe_random,global,debate,500,diff_D_A_truepath,1.641180978332715,0.5106873008029179,0.5171658078182377,2.765196148847192,12
probe_random,global,debate,500,diff_D_S_truepath,0.03164672795695581,0.06165063479677137,-0.10404540434096718,0.1673388602548788,12
probe_random,global,debate,500,regret_S_truepath,0.1726119314147558,0.08904335655138379,-0.023371174959588514,0.36859503778910013,12
probe_random,global,debate,500,tie_rate,5.7743055555555545,1.0993553256726127,3.354640798082423,8.193970313028686,12
probe_random,global,debate,500,aggregate_rate,18.618055555555557,4.759329933461678,8.142841000026477,29.093270111084635,12
probe_random,global,debate,500,short_rate,0.0,0.0,0.0,0.0,12
probe_random,global,judge,25,diff_D_A,-0.4928640750342377,0.198840502908133,-0.916682574596655,-0.06904557547182033,16
probe_random,global,judge,25,diff_D_S,0.017014838918940484,0.006429543770205456,0.003310590771779375,0.030719087066101592,16
probe_random,global,judge,25,regret_D,2.1699311112330086,0.21826126420349432,1.7047182388331685,2.6351439836328487,16
probe_random,global,judge,25,regret_A,1.6770670361987712,0.32880764008003466,0.976230141173599,2.377903931223943,16
probe_random,global,judge,25,regret_S,2.1869459501519497,0.2200093045430759,1.7180072179646881,2.6558846823392113,16
probe_random,global,judge,25,diff_D_A_tieagg,-0.29961240374037634,0.1711467141846481,-0.6644029899132934,0.0651781824325407,16
probe_random,global,judge,25,diff_D_S_tieagg,0.2102665102128018,0.04377714850155978,0.11695772693324936,0.30357529349235424,16
probe_random,global,judge,25,diff_D_A_truepath,1.5491204337934374,0.34208702502682076,0.8199791997581246,2.27826166782875,16
probe_random,global,judge,25,diff_D_S_truepath,-0.016057728350046124,0.00523984646694253,-0.027226196720813778,-0.004889259979278471,16
probe_random,global,judge,25,regret_S_truepath,0.11188887405528744,0.04134400596119367,0.02376621133768053,0.20001153677289435,16
probe_random,global,judge,25,tie_rate,25.947916666666664,2.9770206431468056,19.602547369709335,32.293285963623994,16
probe_random,global,judge,25,aggregate_rate,1.5859375,0.23138036709414297,1.0927619217057347,2.0791130782942653,16
probe_random,global,judge,25,short_rate,0.0,0.0,0.0,0.0,16
probe_random,global,judge,50,diff_D_A,-0.03431041790767017,0.23948269104482495,-0.5447556909045945,0.4761348550892541,16
probe_random,global,judge,50,diff_D_S,0.03317347210585048,0.011295397832065132,0.009097901529778372,0.05724904268192258,16
probe_random,global,judge,50,regret_D,1.7113774541064415,0.15007155670740538,1.3915075027609942,2.031247405451889,16
probe_random,global,judge,50,regret_A,1.6770670361987712,0.32880764008003466,0.976230141173599,2.377903931223943,16
probe_random,global,judge,50,regret_S,1.7445509262122916,0.1537419215802786,1.41685777732652,2.0722440750980633,16
probe_random,global,judge,50,diff_D_A_tieagg,0.07971438188263472,0.22051322709300133,-0.3902984357946626,0.5497271995599321,16
probe_random,global,judge,50,diff_D_S_tieagg,0.14719827189615536,0.03391239152020487,0.07491572040156949,0.21948082339074124,16
probe_random,global,judge,50,diff_D_A_truepath,1.5382316014129336,0.3394014120372873,0.8148146159637113,2.261648586862156,16
probe_random,global,judge,50,diff_D_S_truepath,-0.0269465607305501,0.00874889112874553,-0.04559438075106671,-0.008298740710033486,16
probe_random,global,judge,50,regret_S_truepath,0.11188887405528744,0.04134400596119367,0.02376621133768053,0.20001153677289435,16
probe_random,global,judge,50,tie_rate,17.119791666666664,1.9486829115325752,12.966272360440456,21.273310972892872,16
probe_random,global,judge,50,aggregate_rate,3.375,0.463886809709246,2.3862486702540533,4.363751329745947,16
probe_random,global,judge,50,short_rate,0.0,0.0,0.0,0.0,16
probe_random,global,judge,100,diff_D_A,0.40341436354285953,0.30455804207740855,-0.24573573683960803,1.052564463925327,16
probe_random,global,judge,100,diff_D_S,0.04752811715093286,0.01799279267901773,0.00917738737188925,0.08587884692997647,16
probe_random,global,judge,100,regret_D,1.2736526726559116,0.09034308230151582,1.0810909509398763,1.466214394371947,16
probe_random,global,judge,100,regret_A,1.6770670361987712,0.32880764008003466,0.976230141173599,2.377903931223943,16
probe_random,global,judge,100,regret_S,1.3211807898068444,0.09858486045700411,1.111052133786689,1.5313094458269998,16
probe_random,global,judge,100,diff_D_A_tieagg,0.46453592815918626,0.28920024659409244,-0.15187980601956724,1.0809516623379398,16
probe_random,global,judge,100,diff_D_S_tieagg,0.10864968176725956,0.03590177274686869,0.032126864561155946,0.1851724989733632,16
probe_random,global,judge,100,diff_D_A_truepath,1.5348309739152841,0.3385400475354401,0.8132499434420853,2.256412004388483,16
probe_random,global,judge,100,diff_D_S_truepath,-0.030347188228199706,0.012605381273331957,-0.057214922414850815,-0.0034794540415485978,16
probe_random,global,judge,100,regret_S_truepath,0.11188887405528744,0.04134400596119367,0.02376621133768053,0.20001153677289435,16
probe_random,global,judge,100,tie_rate,11.645833333333332,1.2911625360288472,8.893785532670838,14.397881133995826,16
probe_random,global,judge,100,aggregate_rate,5.924479166666667,0.7841863222053977,4.25302558656778,7.595932746765554,16
probe_random,global,judge,100,short_rate,0.0,0.0,0.0,0.0,16
probe_random,global,judge,200,diff_D_A,0.7712764588177989,0.35303880201413845,0.018792064699795774,1.5237608529358022,16
probe_random,global,judge,200,diff_D_S,0.06852083937013004,0.03365564207870783,-0.0032144636440542412,0.14025614238431433,16
probe_random,global,judge,200,regret_D,0.9057905773809722,0.07469014651295687,0.7465922985381372,1.0649888562238072,16
probe_random,global,judge,200,regret_A,1.6770670361987712,0.32880764008003466,0.976230141173599,2.377903931223943,16
probe_random,global,judge,200,regret_S,0.9743114167511023,0.09815866945414978,0.7650911653503025,1.1835316681519021,16
probe_random,global,judge,200,diff_D_A_tieagg,0.8121974016144694,0.34224007225668457,0.08272995513061421,1.5416648480983246,16
probe_random,global,judge,200,diff_D_S_tieagg,0.10944178216680048,0.047270216896931574,0.008687699843323626,0.21019586449027733,16
probe_random,global,judge,200,diff_D_A_truepath,1.5452794149866356,0.339074568925884,0.8225590791386832,2.267999750834588,16
probe_random,global,judge,200,diff_D_S_truepath,-0.019898747156848334,0.017456580011702003,-0.057106566689818436,0.017309072376121767,16
probe_random,global,judge,200,regret_S_truepath,0.11188887405528744,0.04134400596119367,0.02376621133768053,0.20001153677289435,16
probe_random,global,judge,200,tie_rate,8.776041666666668,1.1786578395200351,6.263791950251221,11.288291383082115,16
probe_random,global,judge,200,aggregate_rate,8.846354166666666,1.4299556391943273,5.798475869335278,11.894232463998055,16
probe_random,global,judge,200,short_rate,0.0,0.0,0.0,0.0,16
probe_random,global,judge,500,diff_D_A,0.3864706638399838,0.19835542579214224,-0.05010668475217955,0.8230480124321471,12
probe_random,global,judge,500,diff_D_S,0.15687159720292979,0.07237357078927144,-0.0024215580870983744,0.31616475249295795,12
probe_random,global,judge,500,regret_D,0.7680361854982397,0.053432145569293564,0.6504328260283684,0.885639544968111,12
probe_random,global,judge,500,regret_A,1.1545068493382231,0.2217191714183781,0.6665062433385587,1.6425074553378876,12
probe_random,global,judge,500,regret_S,0.9249077827011694,0.10483851091310076,0.6941597759753293,1.1556557894270094,12
probe_random,global,judge,500,diff_D_A_tieagg,0.4193516513528099,0.1936318443683425,-0.006829164623085693,0.8455324673287055,12
probe_random,global,judge,500,diff_D_S_tieagg,0.18975258471575587,0.07882148797969825,0.01626765937609853,0.3632375100554132,12
probe_random,global,judge,500,diff_D_A_truepath,1.0161940521827866,0.22406069117165112,0.5230397959541069,1.5093483084114663,12
probe_random,global,judge,500,diff_D_S_truepath,0.0029823122844024885,0.03905591971260858,-0.0829791874167795,0.08894381198558447,12
probe_random,global,judge,500,regret_S_truepath,0.14129510943983922,0.0526426504728259,0.02542941696125832,0.2571608019184201,12
probe_random,global,judge,500,tie_rate,7.118055555555556,0.8723932028579873,5.197931062300311,9.038180048810801,12
probe_random,global,judge,500,aggregate_rate,18.27777777777778,3.0685059011198974,11.524041825759262,25.031513729796295,12
probe_random,global,judge,500,short_rate,0.0,0.0,0.0,0.0,12
probe_random,pair,debate,25,diff_D_A,-1.2005669169842088,0.15031092112238584,-1.5209470615031895,-0.8801867724652281,16
probe_random,pair,debate,25,diff_D_S,0.43267882350869347,0.09801572707308663,0.22376324658105193,0.641594400436335,16
probe_random,pair,debate,25,regret_D,1.33830780248698,0.12933264387595753,1.0626417974715259,1.613973807502434,16
probe_random,pair,debate,25,regret_A,0.1377408855027712,0.056796782370789785,0.01668140952929381,0.2588003614762486,16
probe_random,pair,debate,25,regret_S,1.7709866259956735,0.22240425875187894,1.2969431697484222,2.2450300822429248,16
probe_random,pair,debate,25,diff_D_A_tieagg,-0.4784716787310163,0.06677866785123865,-0.6208070399756261,-0.3361363174864065,16
probe_random,pair,debate,25,diff_D_S_tieagg,1.154774061761886,0.19440171125024314,0.7404166226615125,1.5691315008622595,16
probe_random,pair,debate,25,diff_D_A_truepath,-0.731954108558594,0.1383078500110632,-1.0267503126120243,-0.43715790450516373,16
probe_random,pair,debate,25,diff_D_S_truepath,0.2899365769600475,0.07854241313298069,0.12252738618058762,0.45734576773950736,16
probe_random,pair,debate,25,regret_S_truepath,1.1596315710214127,0.18385028469827075,0.767763965250248,1.5514991767925772,16
probe_random,pair,debate,25,tie_rate,49.708333333333336,3.9596178471375714,41.268607672461584,58.14805899420509,16
probe_random,pair,debate,25,aggregate_rate,20.455729166666668,2.2551845769533965,15.648917024965936,25.2625413083674,16
probe_random,pair,debate,25,short_rate,0.0,0.0,0.0,0.0,16
probe_random,pair,debate,50,diff_D_A,-0.8851601561197144,0.096415302305009,-1.0906645084027342,-0.6796558038366945,16
probe_random,pair,debate,50,diff_D_S,0.6880536458271046,0.153017801592605,0.36190392215999073,1.0142033694942185,16
probe_random,pair,debate,50,regret_D,1.0229010416224857,0.07306195844397066,0.8671731634993772,1.1786289197455941,16
probe_random,pair,debate,50,regret_A,0.1377408855027712,0.056796782370789785,0.01668140952929381,0.2588003614762486,16
probe_random,pair,debate,50,regret_S,1.7109546874495902,0.2176521404515631,1.2470401315939936,2.174869243305187,16
probe_random,pair,debate,50,diff_D_A_tieagg,-0.42312834962974843,0.05667851831384477,-0.5439357517327943,-0.3023209475267026,16
probe_random,pair,debate,50,diff_D_S_tieagg,1.1500854523170707,0.19956593780659923,0.7247207248699843,1.5754501797641571,16
probe_random,pair,debate,50,diff_D_A_truepath,-0.5525863107015909,0.09655552896114708,-0.7583895490271116,-0.3467830723760702,16
probe_random,pair,debate,50,diff_D_S_truepath,0.46930437481705056,0.12299372627014774,0.20714945285184072,0.7314592967822604,16
probe_random,pair,debate,50,regret_S_truepath,1.1596315710214127,0.18385028469827075,0.767763965250248,1.5514991767925772,16
probe_random,pair,debate,50,tie_rate,34.7734375,3.6327542558054926,27.03040509233304,42.51646990766696,16
probe_random,pair,debate,50,aggregate_rate,33.557291666666664,3.244392587372153,26.642032560694783,40.47255077263855,16
probe_random,pair,debate,50,short_rate,0.0,0.0,0.0,0.0,16
probe_random,pair,debate,100,diff_D_A,-0.5732731786258376,0.062455395200598694,-0.7063937023439099,-0.44015265490776534,16
probe_random,pair,debate,100,diff_D_S,0.9097555781980473,0.1908413431856532,0.5029868839909695,1.3165242724051252,16
probe_random,pair,debate,100,regret_D,0.7110140641286087,0.039457250342420785,0.6269129258172176,0.7951152024399998,16
probe_random,pair,debate,100,regret_A,0.1377408855027712,0.056796782370789785,0.01668140952929381,0.2588003614762486,16
probe_random,pair,debate,100,regret_S,1.620769642326656,0.20890672208583166,1.1754955044724276,2.0660437801808844,16
probe_random,pair,debate,100,diff_D_A_tieagg,-0.3084084897071453,0.04549951452804833,-0.40538840927114433,-0.21142857014314625,16
probe_random,pair,debate,100,diff_D_S_tieagg,1.1746202671167396,0.20728984320452654,0.7327924250192943,1.616448109214185,16
probe_random,pair,debate,100,diff_D_A_truepath,-0.3740789005232087,0.06701814248859884,-0.516924689874793,-0.23123311117162437,16
probe_random,pair,debate,100,diff_D_S_truepath,0.6478117849954328,0.15997975155414973,0.3068230162465745,0.9888005537442911,16
probe_random,pair,debate,100,regret_S_truepath,1.1596315710214127,0.18385028469827075,0.767763965250248,1.5514991767925772,16
probe_random,pair,debate,100,tie_rate,22.729166666666664,2.7188364715920783,16.934103904840384,28.524229428492944,16
probe_random,pair,debate,100,aggregate_rate,47.484375,3.9029567135977294,39.16541968646264,55.80333031353736,16
probe_random,pair,debate,100,short_rate,0.0,0.0,0.0,0.0,16
probe_random,pair,debate,200,diff_D_A,-0.3030282612918711,0.04990430686397261,-0.4093967734785611,-0.19665974910518108,16
probe_random,pair,debate,200,diff_D_S,1.100018913296367,0.2146657167666434,0.6424697688468413,1.5575680577458926,16
probe_random,pair,debate,200,regret_D,0.4407691467946423,0.032709836282825346,0.37104978111427955,0.510488512475005,16
probe_random,pair,debate,200,regret_A,0.1377408855027712,0.056796782370789785,0.01668140952929381,0.2588003614762486,16
probe_random,pair,debate,200,regret_S,1.540788060091009,0.20457548484687052,1.104745735881476,1.9768303843005421,16
probe_random,pair,debate,200,diff_D_A_tieagg,-0.1716815618612047,0.0405831506190609,-0.258182499805586,-0.0851806239168234,16
probe_random,pair,debate,200,diff_D_S_tieagg,1.2313656127270334,0.21571334234956727,0.7715835072048678,1.691147718249199,16
probe_random,pair,debate,200,diff_D_A_truepath,-0.19762809635319178,0.05141260895478033,-0.3072114783459008,-0.08804471436048278,16
probe_random,pair,debate,200,diff_D_S_truepath,0.8242625891654497,0.1867786530366299,0.4261533140302578,1.2223718643006416,16
probe_random,pair,debate,200,regret_S_truepath,1.1596315710214127,0.18385028469827075,0.767763965250248,1.5514991767925772,16
probe_random,pair,debate,200,tie_rate,13.471354166666668,2.0041829764798935,9.19953927222996,17.743169061103377,16
probe_random,pair,debate,200,aggregate_rate,61.23437499999999,4.312766489015274,52.041930826882954,70.42681917311702,16
probe_random,pair,debate,200,short_rate,0.0,0.0,0.0,0.0,16
probe_random,pair,debate,500,diff_D_A,-0.06068000248144282,0.06250155801194501,-0.19824500414834045,0.07688499918545483,12
probe_random,pair,debate,500,diff_D_S,1.088377370315034,0.23882100740316956,0.5627358771025223,1.6140188635275456,12
probe_random,pair,debate,500,regret_D,0.20344682751557153,0.022911089048149553,0.1530198605190563,0.25387379451208675,12
probe_random,pair,debate,500,regret_A,0.1427668250341287,0.07407018974907123,-0.020260563408748905,0.3057942134770063,12
probe_random,pair,debate,500,regret_S,1.2918241978306053,0.22338156332796205,0.8001646919076901,1.7834837037535205,12
probe_random,pair,debate,500,diff_D_A_tieagg,-0.015285871466196496,0.059528750415587875,-0.14630776772970439,0.11573602479731139,12
probe_random,pair,debate,500,diff_D_S_tieagg,1.1337715013302803,0.23614593159896205,0.6140178102649496,1.653525192395611,12
probe_random,pair,debate,500,diff_D_A_truepath,-0.029265161824935475,0.0650756038571555,-0.1724956001985369,0.11396527654866596,12
probe_random,pair,debate,500,diff_D_S_truepath,0.88192307265804,0.22243860702533258,0.3923389995638273,1.3715071457522527,12
probe_random,pair,debate,500,regret_S_truepath,1.053955059517104,0.21066849743372817,0.5902768229666648,1.5176332960675434,12
probe_random,pair,debate,500,tie_rate,6.465277777777779,1.1897941393348308,3.8465585335378125,9.083997022017744,12
probe_random,pair,debate,500,aggregate_rate,73.26736111111111,5.045623755785472,62.16201810122145,84.37270412100078,12
probe_random,pair,debate,500,short_rate,0.0,0.0,0.0,0.0,12
probe_random,pair,judge,25,diff_D_A,-0.7374010697021434,0.1149433385514398,-0.9823969964227333,-0.4924051429815535,16
probe_random,pair,judge,25,diff_D_S,0.16772127917694876,0.039120083186683585,0.0843387956464314,0.25110376270746615,16
probe_random,pair,judge,25,regret_D,0.9058922263269278,0.09749992961616114,0.698076045654451,1.1137084069994045,16
probe_random,pair,judge,25,regret_A,0.16849115662478445,0.050897068138468386,0.06000662387072106,0.27697568937884787,16
probe_random,pair,judge,25,regret_S,1.0736135055038765,0.13316771024119875,0.7897732500270375,1.3574537609807154,16
probe_random,pair,judge,25,diff_D_A_tieagg,-0.2583106110110568,0.03713866100059984,-0.3374697931234839,-0.17915142889862967,16
probe_random,pair,judge,25,diff_D_S_tieagg,0.6468117378680354,0.12236357571131012,0.3859999500250942,0.9076235257109766,16
probe_random,pair,judge,25,diff_D_A_truepath,-0.3274295768177983,0.10614137658018315,-0.5536645656947187,-0.10119458794087785,16
probe_random,pair,judge,25,diff_D_S_truepath,0.09559562577767591,0.03035262535720933,0.03090053625350596,0.16029071530184585,16
probe_random,pair,judge,25,regret_S_truepath,0.5915163592202586,0.10069644204939691,0.3768869735745852,0.8061457448659319,16
probe_random,pair,judge,25,tie_rate,60.5234375,3.2087774060233984,53.68409035612895,67.36278464387105,16
probe_random,pair,judge,25,aggregate_rate,11.609375,1.4091655732550459,8.60580967926705,14.61294032073295,16
probe_random,pair,judge,25,short_rate,0.0,0.0,0.0,0.0,16
probe_random,pair,judge,50,diff_D_A,-0.5695324131963497,0.08175021596499736,-0.7437788738643569,-0.39528595252834253,16
probe_random,pair,judge,50,diff_D_S,0.2846275591188885,0.06796262186532499,0.13976865962899063,0.4294864586087863,16
probe_random,pair,judge,50,regret_D,0.7380235698211342,0.06307221910224123,0.6035883170782155,0.8724588225640528,16
probe_random,pair,judge,50,regret_A,0.16849115662478445,0.050897068138468386,0.06000662387072106,0.27697568937884787,16
probe_random,pair,judge,50,regret_S,1.0226511289400229,0.1248647580178068,0.7565081972065372,1.2887940606735087,16
probe_random,pair,judge,50,diff_D_A_tieagg,-0.24945974346449254,0.034697706038971675,-0.3234161532332254,-0.17550333369575966,16
probe_random,pair,judge,50,diff_D_S_tieagg,0.6047002288507457,0.11830300015150427,0.3525433529394638,0.8568571047620276,16
probe_random,pair,judge,50,diff_D_A_truepath,-0.2537068851088876,0.08553481060675563,-0.4360200183061984,-0.07139375191157682,16
probe_random,pair,judge,50,diff_D_S_truepath,0.16931831748658657,0.051972429497878614,0.058541706251695705,0.28009492872147745,16
probe_random,pair,judge,50,regret_S_truepath,0.5915163592202586,0.10069644204939691,0.3768869735745852,0.8061457448659319,16
probe_random,pair,judge,50,tie_rate,44.791666666666664,3.1888613650573703,37.994769559262004,51.588563774071325,16
probe_random,pair,judge,50,aggregate_rate,21.184895833333332,2.270699437789295,16.345014548554502,26.024777118112162,16
probe_random,pair,judge,50,short_rate,0.0,0.0,0.0,0.0,16
probe_random,pair,judge,100,diff_D_A,-0.40181851067983343,0.05348210854675509,-0.5158129266373932,-0.28782409472227366,16
probe_random,pair,judge,100,diff_D_S,0.389745888120701,0.09211847925905911,0.1933999973663218,0.5860917788750801,16
probe_random,pair,judge,100,regret_D,0.5703096673046179,0.037010477781376595,0.49142370125655255,0.6491956333526832,16
probe_random,pair,judge,100,regret_A,0.16849115662478445,0.050897068138468386,0.06000662387072106,0.27697568937884787,16
probe_random,pair,judge,100,regret_S,0.9600555554253188,0.11592214550338471,0.7129733510718153,1.2071377597788224,16
probe_random,pair,judge,100,diff_D_A_tieagg,-0.20656908988435363,0.027791723856502207,-0.26580574706861804,-0.14733243270008922,16
probe_random,pair,judge,100,diff_D_S_tieagg,0.5849953089161808,0.11776630130407457,0.3339823795193554,0.8360082383130062,16
probe_random,pair,judge,100,diff_D_A_truepath,-0.17570347378004503,0.0653281089589744,-0.31494704193293055,-0.03645990562715953,16
probe_random,pair,judge,100,diff_D_S_truepath,0.2473217288154292,0.07401486551404715,0.08956277735084545,0.40508068028001293,16
probe_random,pair,judge,100,regret_S_truepath,0.5915163592202586,0.10069644204939691,0.3768869735745852,0.8061457448659319,16
probe_random,pair,judge,100,tie_rate,31.518229166666668,2.593095825442008,25.99117624793535,37.045282085397986,16
probe_random,pair,judge,100,aggregate_rate,32.01302083333333,3.125635858341874,25.3508857034852,38.67515596318145,16
probe_random,pair,judge,100,short_rate,0.0,0.0,0.0,0.0,16
probe_random,pair,judge,200,diff_D_A,-0.24067889480491808,0.0369414571594937,-0.3194177468798369,-0.1619400427299993,16
probe_random,pair,judge,200,diff_D_S,0.49028054897881923,0.11099101488320783,0.2537088007447876,0.7268522972128508,16
probe_random,pair,judge,200,regret_D,0.40917005142970253,0.026446076589718485,0.35280157350070807,0.465538529358697,16
probe_random,pair,judge,200,regret_A,0.16849115662478445,0.050897068138468386,0.06000662387072106,0.27697568937884787,16
probe_random,pair,judge,200,regret_S,0.8994506004085218,0.1102737954078363,0.6644075692993374,1.134493631517706,16
probe_random,pair,judge,200,diff_D_A_tieagg,-0.13469626219561118,0.025282667989904913,-0.1885849933932327,-0.08080753099798965,16
probe_random,pair,judge,200,diff_D_S_tieagg,0.5962631815881261,0.12105775007663913,0.3382346952007847,0.8542916679754675,16
probe_random,pair,judge,200,diff_D_A_truepath,-0.08826759010674562,0.050214534635618945,-0.19529733713633124,0.018762156922840015,16
probe_random,pair,judge,200,diff_D_S_truepath,0.3347576124887286,0.09303205293056627,0.1364644855473801,0.5330507394300771,16
probe_random,pair,judge,200,regret_S_truepath,0.5915163592202586,0.10069644204939691,0.3768869735745852,0.8061457448659319,16
probe_random,pair,judge,200,tie_rate,21.135416666666668,2.0640373759580646,16.73602513966246,25.534808193670877,16
probe_random,pair,judge,200,aggregate_rate,43.28125,4.11558180571557,34.50909503049347,52.05340496950653,16
probe_random,pair,judge,200,short_rate,0.0,0.0,0.0,0.0,16
probe_random,pair,judge,500,diff_D_A,-0.11301064290883585,0.031787005272827525,-0.1829733697980839,-0.043047916019587795,12
probe_random,pair,judge,500,diff_D_S,0.5640238691262381,0.11597326968811432,0.308768423575393,0.8192793146770833,12
probe_random,pair,judge,500,regret_D,0.23689410526578822,0.014636967125142996,0.2046783578345993,0.2691098526969771,12
probe_random,pair,judge,500,regret_A,0.12388346235695236,0.040198812258885025,0.03540647312183656,0.21236045159206815,12
probe_random,pair,judge,500,regret_S,0.8009179743920264,0.11245270834371174,0.5534112321154037,1.0484247166686491,12
probe_random,pair,judge,500,diff_D_A_tieagg,-0.0666522195817661,0.027192348724804617,-0.12650217559309787,-0.006802263570434348,12
probe_random,pair,judge,500,diff_D_S_tieagg,0.6103822924533079,0.1175695111412876,0.3516135431521053,0.8691510417545105,12
probe_random,pair,judge,500,diff_D_A_truepath,-0.03248537121299707,0.04017243605188761,-0.12090430680793204,0.05593356438193791,12
probe_random,pair,judge,500,diff_D_S_truepath,0.41708528389448424,0.10183504800685599,0.1929478544541746,0.6412227133347939,12
probe_random,pair,judge,500,regret_S_truepath,0.5734541174644338,0.10335463009068555,0.34597211040807413,0.8009361245207933,12
probe_random,pair,judge,500,tie_rate,12.774305555555555,1.6600995804267953,9.120451014761823,16.428160096349288,12
probe_random,pair,judge,500,aggregate_rate,56.649305555555564,4.473701617684315,46.802754684354426,66.4958564267567,12
probe_random,pair,judge,500,short_rate,0.0,0.0,0.0,0.0,12
transfer_dataset,global,debate,0,diff_D_A,0.43240754678784266,0.3576966738922117,-0.33000486622795533,1.1948199598036406,16
transfer_dataset,global,debate,0,diff_D_S,0.005604486389820806,0.06339630634148571,-0.12952154195190727,0.14073051473154888,16
transfer_dataset,global,debate,0,regret_D,1.6657409930104956,0.2629713541821399,1.1052308196437346,2.2262511663772564,16
transfer_dataset,global,debate,0,regret_A,2.098148539798338,0.4456606958265764,1.1482452522049282,3.048051827391748,16
transfer_dataset,global,debate,0,regret_S,1.6713454794003164,0.2593310910018738,1.1185943433348515,2.2240966154657813,16
transfer_dataset,global,debate,0,diff_D_A_tieagg,0.4457125072509769,0.3492329867722006,-0.2986599836991133,1.190084998201067,16
transfer_dataset,global,debate,0,diff_D_S_tieagg,0.018909446852954925,0.0715887876619197,-0.13367844207621912,0.17149733578212897,16
transfer_dataset,global,debate,0,diff_D_A_truepath,1.6227419016716884,0.39247924638183707,0.7861921903294785,2.459291613013898,16
transfer_dataset,global,debate,0,diff_D_S_truepath,-0.3299991336653686,0.11376502989399483,-0.5724835549335182,-0.087514712397219,16
transfer_dataset,global,debate,0,regret_S_truepath,0.14540750446128126,0.0677275495923785,0.0010496496607289019,0.2897653592618336,16
transfer_dataset,global,debate,0,tie_rate,3.880208333333333,0.5614443039773592,2.683518126763666,5.076898539903,16
transfer_dataset,global,debate,0,aggregate_rate,20.604166666666664,2.460799597269516,15.359096483352875,25.849236849980453,16
transfer_dataset,global,debate,0,short_rate,0.0,0.0,0.0,0.0,16
transfer_dataset,global,judge,0,diff_D_A,0.1316725909586057,0.16958856411027945,-0.22979687694638437,0.49314205886359574,16
transfer_dataset,global,judge,0,diff_D_S,0.09889839944510065,0.02881228163454203,0.03748647484861576,0.16031032404158554,16
transfer_dataset,global,judge,0,regret_D,1.545394445240165,0.25849889934275794,0.9944170837083413,2.0963718067719883,16
transfer_dataset,global,judge,0,regret_A,1.6770670361987705,0.32880764008003455,0.9762301411735985,2.3779039312239423,16
transfer_dataset,global,judge,0,regret_S,1.6442928446852654,0.24616109280630985,1.1196128952887583,2.1689727940817725,16
transfer_dataset,global,judge,0,diff_D_A_tieagg,0.15545344460075605,0.16455742581343996,-0.19529240586778712,0.5061992950692993,16
transfer_dataset,global,judge,0,diff_D_S_tieagg,0.122679253087251,0.03384566051020913,0.05053893537359529,0.19481957080090673,16
transfer_dataset,global,judge,0,diff_D_A_truepath,1.3205941157172059,0.2604148311594154,0.7655330421854442,1.8756551892489677,16
transfer_dataset,global,judge,0,diff_D_S_truepath,-0.24458404642627787,0.0934962280911345,-0.44386653930267966,-0.045301553549876084,16
transfer_dataset,global,judge,0,regret_S_truepath,0.11188887405528675,0.0413440059611938,0.023766211337679546,0.20001153677289396,16
transfer_dataset,global,judge,0,tie_rate,4.338541666666666,0.4967452499016947,3.2797542295047215,5.397329103828611,16
transfer_dataset,global,judge,0,aggregate_rate,19.8046875,1.5046879273339309,16.59752110107481,23.01185389892519,16
transfer_dataset,global,judge,0,short_rate,0.0,0.0,0.0,0.0,16
transfer_dataset,pair,debate,0,diff_D_A,-0.222473859255104,0.05541508290646584,-0.3405883125332479,-0.10435940597696007,16
transfer_dataset,pair,debate,0,diff_D_S,1.3547611549523602,0.21138386798958242,0.9042071055872971,1.8053152043174232,16
transfer_dataset,pair,debate,0,regret_D,0.3602147447578738,0.06345780436312565,0.22495763648586847,0.4954718530298791,16
transfer_dataset,pair,debate,0,regret_A,0.1377408855027698,0.056796782370790014,0.016681409529291938,0.2588003614762477,16
transfer_dataset,pair,debate,0,regret_S,1.714975899710234,0.23059457112904022,1.2234752058686897,2.2064765935517783,16
transfer_dataset,pair,debate,0,diff_D_A_tieagg,-0.18184740212325162,0.04838010355025478,-0.2849671518495771,-0.07872765239692617,16
transfer_dataset,pair,debate,0,diff_D_S_tieagg,1.3953876120842124,0.2176861817652814,0.9314004988859605,1.8593747252824642,16
transfer_dataset,pair,debate,0,diff_D_A_truepath,-0.1708138376079825,0.04979407938915073,-0.27694740549355523,-0.06468026972240977,16
transfer_dataset,pair,debate,0,diff_D_S_truepath,0.851076847910659,0.17328630947052878,0.4817258223379697,1.2204278734833482,16
transfer_dataset,pair,debate,0,regret_S_truepath,1.1596315710214113,0.18385028469827006,0.7677639652502481,1.5514991767925745,16
transfer_dataset,pair,debate,0,tie_rate,3.1953125,0.299802395349125,2.556298820675375,3.834326179324625,16
transfer_dataset,pair,debate,0,aggregate_rate,82.34114583333334,2.587280738343636,76.82648747935524,87.85580418731145,16
transfer_dataset,pair,debate,0,short_rate,0.0,0.0,0.0,0.0,16
transfer_dataset,pair,judge,0,diff_D_A,-0.28995085231634177,0.06655879901178412,-0.4318175742230135,-0.14808413040967006,16
transfer_dataset,pair,judge,0,diff_D_S,0.6468529761141317,0.10403076847559731,0.4251166419225856,0.8685893103056779,16
transfer_dataset,pair,judge,0,regret_D,0.45844200894112686,0.06783790680284352,0.3138489333144796,0.6030350845677741,16
transfer_dataset,pair,judge,0,regret_A,0.16849115662478514,0.05089706813846877,0.060006623870720935,0.27697568937884937,16
transfer_dataset,pair,judge,0,regret_S,1.1052949850552587,0.13757904671620994,0.8120521884534458,1.3985377816570717,16
transfer_dataset,pair,judge,0,diff_D_A_tieagg,-0.22889626710209943,0.05658352778926042,-0.3495012016946875,-0.10829133250951134,16
transfer_dataset,pair,judge,0,diff_D_S_tieagg,0.7079075613283741,0.11742541785036717,0.45762120781404214,0.958193914842706,16
transfer_dataset,pair,judge,0,diff_D_A_truepath,-0.12511488398966597,0.0562570002933919,-0.2450238416995723,-0.005205926279759618,16
transfer_dataset,pair,judge,0,diff_D_S_truepath,0.2979103186058075,0.08816547046425388,0.10999006665070973,0.4858305705609053,16
transfer_dataset,pair,judge,0,regret_S_truepath,0.5915163592202586,0.10069644204939691,0.3768869735745852,0.8061457448659319,16
transfer_dataset,pair,judge,0,tie_rate,8.135416666666666,0.5381421718939912,6.9883937789366675,9.282439554396664,16
transfer_dataset,pair,judge,0,aggregate_rate,65.08072916666666,2.723516385833992,59.27569140375619,70.88576692957713,16
transfer_dataset,pair,judge,0,short_rate,0.0,0.0,0.0,0.0,16
transfer_model,global,debate,0,diff_D_A,1.334034762491946,0.46925467392064324,0.3338421010119901,2.334227423971902,16
transfer_model,global,debate,0,diff_D_S,0.091287041786349,0.05924546097735157,-0.03499166909030643,0.21756575266300443,16
transfer_model,global,debate,0,regret_D,0.7641137773063924,0.11192931387874065,0.5255420921047331,1.0026854625080517,16
transfer_model,global,debate,0,regret_A,2.098148539798338,0.4456606958265764,1.1482452522049282,3.048051827391748,16
transfer_model,global,debate,0,regret_S,0.8554008190927415,0.1555508969664013,0.52385193044229,1.186949707743193,16
transfer_model,global,debate,0,diff_D_A_tieagg,1.3458331357597206,0.4548943361626021,0.3762488096682264,2.315417461851215,16
transfer_model,global,debate,0,diff_D_S_tieagg,0.10308541505412369,0.07714019030538134,-0.061335008516676004,0.2675058386249234,16
transfer_model,global,debate,0,diff_D_A_truepath,1.8775544638970507,0.4529506500662084,0.9121130066524258,2.8429959211416755,16
transfer_model,global,debate,0,diff_D_S_truepath,-0.07518657144000643,0.03667195380950187,-0.15335099072205827,0.002977847842045425,16
transfer_model,global,debate,0,regret_S_truepath,0.14540750446128126,0.0677275495923785,0.0010496496607289019,0.2897653592618336,16
transfer_model,global,debate,0,tie_rate,3.880208333333333,0.52312747060496,2.765188523842556,4.99522814282411,16
transfer_model,global,debate,0,aggregate_rate,20.604166666666664,3.6430935472666364,12.83909658091344,28.369236752419887,16
transfer_model,global,debate,0,short_rate,0.0,0.0,0.0,0.0,16
transfer_model,global,judge,0,diff_D_A,0.9706196095354801,0.3775228144477708,0.16594877824233145,1.7752904408286287,16
transfer_model,global,judge,0,diff_D_S,0.1159004862979908,0.04089972122662288,0.02872479407598394,0.20307617851999765,16
transfer_model,global,judge,0,regret_D,0.7064474266632904,0.09902651742613917,0.4953774010969788,0.917517452229602,16
transfer_model,global,judge,0,regret_A,1.6770670361987705,0.32880764008003455,0.9762301411735985,2.3779039312239423,16
transfer_model,global,judge,0,regret_S,0.8223479129612812,0.13248690618543005,0.5399587569797256,1.1047370689428369,16
transfer_model,global,judge,0,diff_D_A_tieagg,0.9904533459623097,0.3684102864575418,0.2052054083128353,1.775701283611784,16
transfer_model,global,judge,0,diff_D_S_tieagg,0.13573422272482039,0.05146636467418634,0.0260362631284122,0.24543218232122857,16
transfer_model,global,judge,0,diff_D_A_truepath,1.5110453275288476,0.33551326844995827,0.7959157239619089,2.226174931095786,16
transfer_model,global,judge,0,diff_D_S_truepath,-0.05413283461463622,0.02381984203625398,-0.10490362609811542,-0.003362043131157025,16
transfer_model,global,judge,0,regret_S_truepath,0.11188887405528675,0.0413440059611938,0.023766211337679546,0.20001153677289396,16
transfer_model,global,judge,0,tie_rate,4.338541666666667,0.48560799857428316,3.3034927187853187,5.373590614548015,16
transfer_model,global,judge,0,aggregate_rate,19.804687499999996,2.92401699169447,13.572292811843756,26.037082188156237,16
transfer_model,global,judge,0,short_rate,0.0,0.0,0.0,0.0,16
transfer_model,pair,debate,0,diff_D_A,-0.12871950268473556,0.048362777502536175,-0.23180232281452484,-0.025636682554946277,16
transfer_model,pair,debate,0,diff_D_S,1.224294857180492,0.1948780944277009,0.8089220313730137,1.6396676829879702,16
transfer_model,pair,debate,0,regret_D,0.2664603881875054,0.04754314534999992,0.1651245726367657,0.36779620373824506,16
transfer_model,pair,debate,0,regret_A,0.1377408855027698,0.056796782370790014,0.016681409529291938,0.2588003614762477,16
transfer_model,pair,debate,0,regret_S,1.4907552453679973,0.20788828427868547,1.0476518563149917,1.933858634421003,16
transfer_model,pair,debate,0,diff_D_A_tieagg,-0.09290747267967983,0.040382077867034405,-0.1789798341981298,-0.006835111161229868,16
transfer_model,pair,debate,0,diff_D_S_tieagg,1.2601068871855476,0.2038689430166691,0.8255705212389164,1.694643253132179,16
transfer_model,pair,debate,0,diff_D_A_truepath,-0.1070617155826542,0.04613535678707084,-0.20539690084069448,-0.00872653032461393,16
transfer_model,pair,debate,0,diff_D_S_truepath,0.9148289699359873,0.17479790973524606,0.5422560446659983,1.2874018952059763,16
transfer_model,pair,debate,0,regret_S_truepath,1.1596315710214113,0.18385028469827006,0.7677639652502481,1.5514991767925745,16
transfer_model,pair,debate,0,tie_rate,3.1953125,0.23854771054799567,2.6868600907581497,3.7037649092418503,16
transfer_model,pair,debate,0,aggregate_rate,82.34114583333334,2.585160572153846,76.83100650661697,87.85128516004971,16
transfer_model,pair,debate,0,short_rate,0.0,0.0,0.0,0.0,16
transfer_model,pair,judge,0,diff_D_A,-0.1838327722835903,0.06421240143616268,-0.3206982661440011,-0.046967278423179465,16
transfer_model,pair,judge,0,diff_D_S,0.5356567294214063,0.0850442329356186,0.35438923777830234,0.7169242210645103,16
transfer_model,pair,judge,0,regret_D,0.35232392890837544,0.05042768954742204,0.24483985293889327,0.4598080048778576,16
transfer_model,pair,judge,0,regret_A,0.16849115662478514,0.05089706813846877,0.060006623870720935,0.27697568937884937,16
transfer_model,pair,judge,0,regret_S,0.8879806583297817,0.11272733107576531,0.6477080397361753,1.1282532769233882,16
transfer_model,pair,judge,0,diff_D_A_tieagg,-0.13857880299835562,0.05252827446339843,-0.2505401697324054,-0.02661743626430585,16
transfer_model,pair,judge,0,diff_D_S_tieagg,0.5809106987066409,0.09640920638646813,0.37541933956642476,0.7864020578468571,16
transfer_model,pair,judge,0,diff_D_A_truepath,-0.10473738104239128,0.0559183071993968,-0.22392443151101754,0.014449669426234976,16
transfer_model,pair,judge,0,diff_D_S_truepath,0.3182878215530822,0.08572546510741635,0.1355683179069792,0.5010073251991852,16
transfer_model,pair,judge,0,regret_S_truepath,0.5915163592202586,0.10069644204939691,0.3768869735745852,0.8061457448659319,16
transfer_model,pair,judge,0,tie_rate,8.135416666666668,0.501381354462729,7.066747606544939,9.204085726788396,16
transfer_model,pair,judge,0,aggregate_rate,65.08072916666667,2.3995576992550935,59.96619299904494,70.19526533428841,16
transfer_model,pair,judge,0,short_rate,0.0,0.0,0.0,0.0,16
transfer_source,global,debate,0,diff_D_A,0.998635983261062,0.403111295110063,0.13942459648870542,1.8578473700334186,16
transfer_source,global,debate,0,diff_D_S,-0.38152723770783353,0.22951956830468953,-0.87073661726794,0.10768214185227293,16
transfer_source,global,debate,0,regret_D,1.0995125565372779,0.220023451391217,0.630543671056975,1.5684814420175808,16
transfer_source,global,debate,0,regret_A,2.0981485397983395,0.44566069582657625,1.14824525220493,3.048051827391749,16
transfer_source,global,debate,0,regret_S,0.7179853188294443,0.13658701815667007,0.426856981050045,1.0091136566088434,16
transfer_source,global,debate,0,diff_D_A_tieagg,0.919345863035477,0.39302194334486906,0.08163942049803585,1.7570523055729184,16
transfer_source,global,debate,0,diff_D_S_tieagg,-0.4608173579334185,0.24973500090971998,-0.9931149121328113,0.07148019626597435,16
transfer_source,global,debate,0,diff_D_A_truepath,1.2757528126693174,0.39400669894163987,0.43594741326265163,2.115558212075983,16
transfer_source,global,debate,0,diff_D_S_truepath,-0.6769882226677411,0.21722610628562822,-1.139994708193963,-0.2139817371415192,16
transfer_source,global,debate,0,regret_S_truepath,0.14540750446128126,0.06772754959237848,0.0010496496607289574,0.28976535926183355,16
transfer_source,global,debate,0,tie_rate,6.598958333333333,1.0278234117268736,4.40820458949239,8.789712077174276,16
transfer_source,global,debate,0,aggregate_rate,42.69933712121212,6.344819979161474,29.175673459969808,56.22300078245443,16
transfer_source,global,debate,0,short_rate,0.0,0.0,0.0,0.0,16
transfer_source,global,judge,0,diff_D_A,0.9381996658508875,0.3777843396131422,0.13297140686285558,1.7434279248389195,16
transfer_source,global,judge,0,diff_D_S,-0.05575895942518047,0.049843550286774084,-0.16199797203301092,0.05048005318264999,16
transfer_source,global,judge,0,regret_D,0.7388673703478794,0.10154506109336847,0.5224291960265794,0.9553055446691794,16
transfer_source,global,judge,0,regret_A,1.677067036198767,0.32880764008003516,0.9762301411735936,2.3779039312239405,16
transfer_source,global,judge,0,regret_S,0.683108410922699,0.11898214025071857,0.4295039821555754,0.9367128396898227,16
transfer_source,global,judge,0,diff_D_A_tieagg,0.9138554851590465,0.37458779293057076,0.115440504144942,1.712270466173151,16
transfer_source,global,judge,0,diff_D_S_tieagg,-0.08010314011702158,0.05599616546345471,-0.19945614154719216,0.03924986131314899,16
transfer_source,global,judge,0,diff_D_A_truepath,1.3557056741134617,0.3524699918958361,0.6044336700636239,2.1069776781632994,16
transfer_source,global,judge,0,diff_D_S_truepath,-0.2094724880300193,0.03518527717659901,-0.284468131078476,-0.1344768449815626,16
transfer_source,global,judge,0,regret_S_truepath,0.11188887405528605,0.04134400596119422,0.023766211337677964,0.20001153677289413,16
transfer_source,global,judge,0,tie_rate,4.388352272727273,0.7543110466121028,2.7805763352151875,5.996128210239359,16
transfer_source,global,judge,0,aggregate_rate,20.025457702020205,3.958374409636213,11.588382365445652,28.462533038594756,16
transfer_source,global,judge,0,short_rate,0.0,0.0,0.0,0.0,16
transfer_source,pair,debate,0,diff_D_A,-0.2339980367942182,0.0758301618382743,-0.39562620078413224,-0.07236987280430418,16
transfer_source,pair,debate,0,diff_D_S,1.028608771886999,0.2347908328673593,0.5281639578702647,1.5290535859037333,16
transfer_source,pair,debate,0,regret_D,0.3717389222969901,0.0938140580697206,0.17177899085716572,0.5716988537368145,16
transfer_source,pair,debate,0,regret_A,0.1377408855027719,0.05679678237078968,0.016681409529294727,0.2588003614762491,16
transfer_source,pair,debate,0,regret_S,1.4003476941839892,0.2016630553621852,0.9705130664760636,1.8301823218919147,16
transfer_source,pair,debate,0,diff_D_A_tieagg,-0.17292358588357412,0.059012051525050006,-0.29870479628919205,-0.04714237547795619,16
transfer_source,pair,debate,0,diff_D_S_tieagg,1.0896832227976432,0.23222154976421439,0.5947147060835216,1.5846517395117647,16
transfer_source,pair,debate,0,diff_D_A_truepath,-0.17704523265849176,0.061563678087813226,-0.3082651063417496,-0.04582535897523393,16
transfer_source,pair,debate,0,diff_D_S_truepath,0.844845452860149,0.21563793060626674,0.38522408366397126,1.3044668220563267,16
transfer_source,pair,debate,0,regret_S_truepath,1.1596315710214127,0.18385028469827075,0.767763965250248,1.5514991767925772,16
transfer_source,pair,debate,0,tie_rate,6.1803977272727275,1.110651926485063,3.8130991832910506,8.547696271254404,16
transfer_source,pair,debate,0,aggregate_rate,78.44412878787878,4.6160321334210925,68.60528919480907,88.28296838094849,16
transfer_source,pair,debate,0,short_rate,0.0,0.0,0.0,0.0,16
transfer_source,pair,judge,0,diff_D_A,-0.15006861079359113,0.02109641363011289,-0.1950345520384363,-0.10510266954874595,16
transfer_source,pair,judge,0,diff_D_S,0.503998715224447,0.12886736057604342,0.22932443808715142,0.7786729923617425,16
transfer_source,pair,judge,0,regret_D,0.3185597674183742,0.0403534569029172,0.23254841004088533,0.4045711247958631,16
transfer_source,pair,judge,0,regret_A,0.16849115662478306,0.050897068138468435,0.06000662387071956,0.27697568937884653,16
transfer_source,pair,judge,0,regret_S,0.8225584826428212,0.10784324778220283,0.5926960411657546,1.0524209241198876,16
transfer_source,pair,judge,0,diff_D_A_tieagg,-0.10625792673531614,0.01707767452919561,-0.1426581283497879,-0.0698577251208444,16
transfer_source,pair,judge,0,diff_D_S_tieagg,0.547809399282722,0.13483823951579593,0.2604084949426985,0.8352103036227454,16
transfer_source,pair,judge,0,diff_D_A_truepath,-0.06697831010787081,0.031795139896908804,-0.13474804659214656,0.0007914263764049606,16
transfer_source,pair,judge,0,diff_D_S_truepath,0.3560468924876034,0.11364293734070934,0.11382270533667041,0.5982710796385364,16
transfer_source,pair,judge,0,regret_S_truepath,0.5915163592202572,0.10069644204939683,0.37688697357458406,0.8061457448659304,16
transfer_source,pair,judge,0,tie_rate,8.273989898989898,1.0021715235749438,6.137911860493135,10.41006793748666,16
transfer_source,pair,judge,0,aggregate_rate,65.04023042929293,5.086848128916009,54.19787029658331,75.88259056200256,16
transfer_source,pair,judge,0,short_rate,0.0,0.0,0.0,0.0,16
transfer_source_same_axis,global,debate,0,diff_D_A,1.714459821111363,0.5248048386951648,0.5958647861669826,2.8330548560557434,16
transfer_source_same_axis,global,debate,0,diff_D_S,0.02082238180862034,0.11805405783736636,-0.2308038861203217,0.2724486497375624,16
transfer_source_same_axis,global,debate,0,regret_D,0.6699249057304326,0.09858113366886169,0.45980419317116983,0.8800456182896954,16
transfer_source_same_axis,global,debate,0,regret_A,2.3843847268417955,0.5096875055470433,1.2980115247660542,3.4707579289175365,16
transfer_source_same_axis,global,debate,0,regret_S,0.6907472875390529,0.1370441255968869,0.3986446483139315,0.9828499267641744,16
transfer_source_same_axis,global,debate,0,diff_D_A_tieagg,1.6980675689527693,0.5244124159148101,0.580308963365243,2.8158261745402955,16
transfer_source_same_axis,global,debate,0,diff_D_S_tieagg,0.0044301296500265375,0.12494510590952634,-0.26188405956075145,0.2707443188608045,16
transfer_source_same_axis,global,debate,0,diff_D_A_truepath,2.162125216371264,0.5312596497862546,1.029772077260106,3.294478355482422,16
transfer_source_same_axis,global,debate,0,diff_D_S_truepath,-0.10506599081622353,0.07372644774167024,-0.26221019435094317,0.05207821271849608,16
transfer_source_same_axis,global,debate,0,regret_S_truepath,0.11719351965430794,0.0692549984759539,-0.030420015375006965,0.26480705468362287,16
transfer_source_same_axis,global,debate,0,tie_rate,3.215625,0.8588233077637875,1.385086450950732,5.046163549049268,16
transfer_source_same_axis,global,debate,0,aggregate_rate,15.203125,5.084483070967818,4.365805868979271,26.040444131020728,16
transfer_source_same_axis,global,debate,0,short_rate,0.0,0.0,0.0,0.0,16
transfer_source_same_axis,global,judge,0,diff_D_A,1.0467039309416177,0.36158160953825896,0.27601097360852334,1.817396888274712,16
transfer_source_same_axis,global,judge,0,diff_D_S,0.033081397121788314,0.08813291122701049,-0.15476945646188325,0.22093225070545988,16
transfer_source_same_axis,global,judge,0,regret_D,0.6561772826339074,0.09021037207458373,0.4638984260707576,0.8484561391970572,16
transfer_source_same_axis,global,judge,0,regret_A,1.7028812135755251,0.331710918701032,0.9958561266529947,2.4099063004980557,16
transfer_source_same_axis,global,judge,0,regret_S,0.6892586797556958,0.12175555510935582,0.42974285714848104,0.9487745023629105,16
transfer_source_same_axis,global,judge,0,diff_D_A_tieagg,1.0172947975099196,0.35803341369034597,0.25416464060441635,1.7804249544154227,16
transfer_source_same_axis,global,judge,0,diff_D_S_tieagg,0.0036722636900902994,0.09821298694142576,-0.20566376269427986,0.21300829007446045,16
transfer_source_same_axis,global,judge,0,diff_D_A_truepath,1.4619888252124533,0.3410934651917961,0.7349653138359903,2.1890123365889163,16
transfer_source_same_axis,global,judge,0,diff_D_S_truepath,-0.12246071549434911,0.058204597415608246,-0.24652087820533702,0.001599447216638794,16
transfer_source_same_axis,global,judge,0,regret_S_truepath,0.11843167286872264,0.04534211396406431,0.02178724466529819,0.21507610107214709,16
transfer_source_same_axis,global,judge,0,tie_rate,4.303977272727273,0.7490549457892223,2.7074044489255327,5.900550096529014,16
transfer_source_same_axis,global,judge,0,aggregate_rate,20.30965909090909,4.352104037299742,11.03336891837769,29.58594926344049,16
transfer_source_same_axis,global,judge,0,short_rate,0.0,0.0,0.0,0.0,16
transfer_source_same_axis,pair,debate,0,diff_D_A,-0.1264990970478358,0.05446911523416497,-0.24259726796073977,-0.010400926134931807,16
transfer_source_same_axis,pair,debate,0,diff_D_S,1.229565827227462,0.24526012685344104,0.7068062413017622,1.752325413153162,16
transfer_source_same_axis,pair,debate,0,regret_D,0.2692696668876442,0.07794613829355308,0.10313140584371103,0.43540792793157734,16
transfer_source_same_axis,pair,debate,0,regret_A,0.14277056983980838,0.06715003329410783,-0.0003563381092415996,0.2858974777888583,16
transfer_source_same_axis,pair,debate,0,regret_S,1.4988354941151063,0.21902168518583212,1.032001822758028,1.9656691654721845,16
transfer_source_same_axis,pair,debate,0,diff_D_A_tieagg,-0.10046723464179688,0.051185802328541016,-0.20956718975407815,0.008632720470484384,16
transfer_source_same_axis,pair,debate,0,diff_D_S_tieagg,1.2555976896335008,0.24484640953782044,0.7337199212921707,1.7774754579748309,16
transfer_source_same_axis,pair,debate,0,diff_D_A_truepath,-0.08989366319698683,0.04759434541757951,-0.19133860910850167,0.011551282714528016,16
transfer_source_same_axis,pair,debate,0,diff_D_S_truepath,1.0333260854113409,0.2246471426240395,0.5545020353540298,1.512150135468652,16
transfer_source_same_axis,pair,debate,0,regret_S_truepath,1.265990318448136,0.19939288807127648,0.8409944377807625,1.6909861991155095,16
transfer_source_same_axis,pair,debate,0,tie_rate,2.465625,0.47676686191995354,1.4494204888227546,3.4818295111772457,16
transfer_source_same_axis,pair,debate,0,aggregate_rate,83.29374999999999,4.731227983216056,73.20937626523443,93.37812373476555,16
transfer_source_same_axis,pair,debate,0,short_rate,0.0,0.0,0.0,0.0,16
transfer_source_same_axis,pair,judge,0,diff_D_A,-0.12807169967678916,0.03707695362009735,-0.20709935562108656,-0.04904404373249177,16
transfer_source_same_axis,pair,judge,0,diff_D_S,0.538144207721946,0.14747501663929513,0.22380865052470006,0.852479764919192,16
transfer_source_same_axis,pair,judge,0,regret_D,0.3032886226950866,0.058468856471117624,0.1786652051403232,0.42791204024985,16
transfer_source_same_axis,pair,judge,0,regret_A,0.17521692301829747,0.05569134086900741,0.05651363983143706,0.2939202062051579,16
transfer_source_same_axis,pair,judge,0,regret_S,0.8414328304170327,0.11256657862450561,0.6015028475626114,1.081362813271454,16
transfer_source_same_axis,pair,judge,0,diff_D_A_tieagg,-0.09446050814735027,0.03508896873269288,-0.1692508746068097,-0.019670141687890844,16
transfer_source_same_axis,pair,judge,0,diff_D_S_tieagg,0.5717553992513849,0.14944281523988415,0.25322557862116024,0.8902852198816095,16
transfer_source_same_axis,pair,judge,0,diff_D_A_truepath,-0.04271684419951405,0.0403125812181799,-0.12864107711734515,0.04320738871831706,16
transfer_source_same_axis,pair,judge,0,diff_D_S_truepath,0.3891823389245118,0.12916295094004934,0.11387802584018403,0.6644866520088396,16
transfer_source_same_axis,pair,judge,0,regret_S_truepath,0.6071161061423233,0.10528052357748705,0.38271598200679324,0.8315162302778533,16
transfer_source_same_axis,pair,judge,0,tie_rate,8.048295454545455,1.0314649371134679,5.849779983074111,10.2468109260168,16
transfer_source_same_axis,pair,judge,0,aggregate_rate,64.94318181818181,5.614984962533433,52.975124671464954,76.91123896489867,16
transfer_source_same_axis,pair,judge,0,short_rate,0.0,0.0,0.0,0.0,16
