menu,groups,lone,degree_pp,E_J,E_V,criteria_sha256
GS-105,明顯落單,JA,6.48757463783528,1.636164008562525,1.0414163595250805,4e96b91475c30a490285a91faf6a878583d2691518c6ccff0b520dd6c154e700
GS-095,明顯落單,JA,8.591088628432042,2.222315709423696,1.4592752710395023,4e96b91475c30a490285a91faf6a878583d2691518c6ccff0b520dd6c154e700
GS-142,明顯落單,ZH,9.612372688929128,1.6621580348440734,1.6049691680326295,4e96b91475c30a490285a91faf6a878583d2691518c6ccff0b520dd6c154e700
GS-118,明顯落單,JA,10.015995458945559,2.186841202404681,1.861666365262897,4e96b91475c30a490285a91faf6a878583d2691518c6ccff0b520dd6c154e700
GS-087,明顯落單,JA,12.351704454348866,3.3800910365566756,2.1600819144769616,4e96b91475c30a490285a91faf6a878583d2691518c6ccff0b520dd6c154e700
GS-003,明顯落單,ES,6.483838509931939,2.6054060077932926,1.0621456520739858,4e96b91475c30a490285a91faf6a878583d2691518c6ccff0b520dd6c154e700
GS-157,明顯落單,ZH,8.01728403911721,2.2210822524295883,1.2593396049559882,4e96b91475c30a490285a91faf6a878583d2691518c6ccff0b520dd6c154e700
GS-014,明顯落單,JA,12.472311791882351,2.6441328528830272,2.1449584391511536,4e96b91475c30a490285a91faf6a878583d2691518c6ccff0b520dd6c154e700
GS-090,明顯落單,JA,11.479426932782877,2.651884670344433,1.9078848107553332,4e96b91475c30a490285a91faf6a878583d2691518c6ccff0b520dd6c154e700
GS-139,明顯落單,ZH,9.505895743943816,2.0324941337392644,1.587715397385221,4e96b91475c30a490285a91faf6a878583d2691518c6ccff0b520dd6c154e700
GS-181,中間、英文落單,W2,4.435420499832432,0.43525779147913224,0.9514919463348059,4e96b91475c30a490285a91faf6a878583d2691518c6ccff0b520dd6c154e700
GS-028,中間,W2,3.4581065802207878,0.5841845422500513,0.6206659328555558,4e96b91475c30a490285a91faf6a878583d2691518c6ccff0b520dd6c154e700
GS-033,中間,W2,4.159770436824273,-0.9898536249764089,0.9461919306690401,4e96b91475c30a490285a91faf6a878583d2691518c6ccff0b520dd6c154e700
GS-066,中間,ES,3.9994561941089635,2.1993231408737897,0.4794015997955242,4e96b91475c30a490285a91faf6a878583d2691518c6ccff0b520dd6c154e700
GS-046,中間,JA,4.477817106106241,2.5716225607391525,0.7395881380363301,4e96b91475c30a490285a91faf6a878583d2691518c6ccff0b520dd6c154e700
GS-064,中間,ES,5.485003058062876,2.2418376696416136,0.9464643158320352,4e96b91475c30a490285a91faf6a878583d2691518c6ccff0b520dd6c154e700
GS-062,中間,ES,4.7604600074623304,1.4646536321970944,0.7774534932099597,4e96b91475c30a490285a91faf6a878583d2691518c6ccff0b520dd6c154e700
GS-032,中間,W1,3.6347914557644634,-0.9922974176634197,1.1517168276615117,4e96b91475c30a490285a91faf6a878583d2691518c6ccff0b520dd6c154e700
GS-150,中間,RU,5.825729352780373,2.213495386593091,0.7479769126827107,4e96b91475c30a490285a91faf6a878583d2691518c6ccff0b520dd6c154e700
GS-065,中間,ES,5.9481605103185125,2.2957787540681114,0.9368062833021964,4e96b91475c30a490285a91faf6a878583d2691518c6ccff0b520dd6c154e700
GS-019,對稱,S1,0.7586277454505241,0.536794135270065,-0.0352051815228932,4e96b91475c30a490285a91faf6a878583d2691518c6ccff0b520dd6c154e700
GS-026,對稱,P2,2.3891136282511383,-1.2765783408305231,1.16876186114061,4e96b91475c30a490285a91faf6a878583d2691518c6ccff0b520dd6c154e700
GS-020,對稱,S2,0.9170062215518415,0.3861521693038472,0.024213004404246008,4e96b91475c30a490285a91faf6a878583d2691518c6ccff0b520dd6c154e700
GS-068,對稱,ZH,2.989760063895941,1.4468328832373616,0.43640051308749983,4e96b91475c30a490285a91faf6a878583d2691518c6ccff0b520dd6c154e700
GS-135,對稱,ZH,1.6361263442159935,1.2603820058190078,0.10033462426246809,4e96b91475c30a490285a91faf6a878583d2691518c6ccff0b520dd6c154e700
GS-119,對稱,JA,1.9257629615431426,2.1004024908296914,0.302990641225121,4e96b91475c30a490285a91faf6a878583d2691518c6ccff0b520dd6c154e700
GS-085,對稱,ZH,2.3392627938678467,0.6926983371036954,0.3638180630247856,4e96b91475c30a490285a91faf6a878583d2691518c6ccff0b520dd6c154e700
GS-031,對稱,R,1.9872208883958242,2.121391164941644,0.27158839883818453,4e96b91475c30a490285a91faf6a878583d2691518c6ccff0b520dd6c154e700
GS-109,對稱,JA,2.685018159128927,1.8056050149646437,0.39181564191197893,4e96b91475c30a490285a91faf6a878583d2691518c6ccff0b520dd6c154e700
GS-024,對稱,R,1.4633879766969504,2.4606967225545446,-0.08068147663504832,4e96b91475c30a490285a91faf6a878583d2691518c6ccff0b520dd6c154e700
GS-039,英文落單,W2,5.2661113585534824,0.3077863604053982,1.2659934365068906,4e96b91475c30a490285a91faf6a878583d2691518c6ccff0b520dd6c154e700
GS-022,英文落單,W2,5.110201303508344,0.6305586388817158,1.0795852124370091,4e96b91475c30a490285a91faf6a878583d2691518c6ccff0b520dd6c154e700
GS-125,英文落單,W2,5.065198091375267,1.2718641712873762,1.1384033549873143,4e96b91475c30a490285a91faf6a878583d2691518c6ccff0b520dd6c154e700
GS-038,英文落單,W1,4.841232485979963,0.13418392798909495,1.36804391937861,4e96b91475c30a490285a91faf6a878583d2691518c6ccff0b520dd6c154e700
GS-042,英文落單,W2,4.779298230901119,0.17612639007514475,1.1064979638683023,4e96b91475c30a490285a91faf6a878583d2691518c6ccff0b520dd6c154e700
GS-021,英文落單,W1,4.516421185776531,0.5138558158252599,1.2490105987164983,4e96b91475c30a490285a91faf6a878583d2691518c6ccff0b520dd6c154e700
GS-124,英文落單,W1,4.37455997393249,0.8849437465004273,1.1106869606689254,4e96b91475c30a490285a91faf6a878583d2691518c6ccff0b520dd6c154e700
GS-141,英文落單,W2,4.332666141471863,0.3982326520453616,0.8378522715185477,4e96b91475c30a490285a91faf6a878583d2691518c6ccff0b520dd6c154e700
GS-041,英文落單,W1,4.219943382424818,0.07548740087362227,1.3225707517222285,4e96b91475c30a490285a91faf6a878583d2691518c6ccff0b520dd6c154e700
