實驗,版本序號,步驟,時間（CST）,動作,內容,該動作之後檔案的 sha256,當時印出的雜湊,雜湊出現在給使用者的訊息（時間）,全文：助手訊息,全文：工具輸出
RQ3-GSK,第 1 版,1,2026-10-07 23:33:08,新建（Write，含待填的佔位字）,Write 寫入 result/analysis/rq3gsk/rq3gsk_criteria.md,7099be5b31dd03c25a311a4f994ac45bf04f6bb7a843901030eed9ca487772cc,沒有印出,沒有,沒有（最高涵蓋 0%，10-07 18:19）,沒有（最高涵蓋 7%，10-07 23:33）
RQ3-GSK,第 2 版,2,2026-10-07 23:33:27,整份重寫（填入第零階段的表）,gsk_fill.py：填佔位字（時間固定 23:33）,2c7af8b11d8924200cdc625c9b034912e526d0e34678c85243f15db608355188,相同,10-07 23:41,沒有（最高涵蓋 0%，10-07 18:19）,沒有（最高涵蓋 12%，10-07 23:33）
RQ3-GSK,第 3 版（確認版）,3,2026-10-07 23:55:08,局部修改（確認）,確認指令的 sed（狀態、確認兩行）,6b36382febd44d6d641845cecf80ff7311307a7a3977ec943428c5d0022f05c9,相同,沒有,沒有（最高涵蓋 0%，10-07 18:19）,沒有（最高涵蓋 12%，10-07 23:33）
RQ3-GJ,—（scratchpad 模板）,1,2026-10-07 18:18:06,新建模板（scratchpad）,Write 寫入 scratchpad/rq3gj_criteria_template.md,6aeee42ae41051a499430058e773e4f9f678d25469f3d9481b9410823b9852e0,沒有印出,沒有,沒有（最高涵蓋 0%）,沒有（最高涵蓋 16%，10-07 23:38）
RQ3-GJ,第 1 版,2,2026-10-07 18:18:28,新建（fill.py 填模板）,fill.py：模板 + 第零階段的表 → result/analysis/rq3gj/rq3gj_criteria.md,662f95d11a1ce11f5f64308690b5386c650405ca47137208f475ea29a817d5ac,相同,沒有,沒有（最高涵蓋 0%，10-07 18:19）,沒有（最高涵蓋 14%，10-07 23:38）
RQ3-GJ,第 2 版,3,2026-10-07 18:18:37,局部修改（sed）,516s/都明顯低於/都低於/,72091a8cc32c85b91d58c368eb7d39e177cdd44c0a92f930879e41cc525f5958,相同,沒有,沒有（最高涵蓋 0%，10-07 18:19）,沒有（最高涵蓋 14%，10-07 23:38）
RQ3-GJ,第 3 版,4,2026-10-07 18:18:40,局部修改（sed）,s/^- 建立：2026-10-07 18:30 CST/- 建立：2026-10-07 18:18 CST/,7203409ac2ffed193438a11419815dad990eab596c8cfab11a308b0f5e019656,相同,10-07 18:18、10-07 18:19,沒有（最高涵蓋 0%，10-07 18:19）,沒有（最高涵蓋 14%，10-07 23:38）
RQ3-GJ,—（scratchpad v1）,5,2026-10-07 23:36:44,複製備份（scratchpad）,cp → scratchpad/rq3gj_criteria_v1.md,7203409ac2ffed193438a11419815dad990eab596c8cfab11a308b0f5e019656,相同,10-07 18:18、10-07 18:19,沒有（最高涵蓋 0%，10-07 18:19）,沒有（最高涵蓋 14%，10-07 23:38）
RQ3-GJ,第 4 版,6,2026-10-07 23:40:34,整份改寫（第二版）,gj2_edit.py：逐段替換（時間固定 23:40；呼叫數 CSV 寫到沙盒）,4c41028cf132d0d15685c62f89a78a5c70dd1d818587bb16a0203f5f6d3a4607,相同,10-07 23:41,沒有（最高涵蓋 0%）,沒有（最高涵蓋 8%，10-07 23:35）
RQ3-GJ,—（scratchpad v2）,7,2026-10-07 23:55:45,複製備份（scratchpad）,cp → scratchpad/rq3gj_criteria_v2.md,4c41028cf132d0d15685c62f89a78a5c70dd1d818587bb16a0203f5f6d3a4607,沒有印出,10-07 23:41,沒有（最高涵蓋 0%）,沒有（最高涵蓋 8%，10-07 23:35）
RQ3-GJ,第 5 版,8,2026-10-07 23:55:45,局部修改（第三版）,gj3_edit.py：逐段替換（時間固定 23:55）,5e8c8b45877651f6dab3c959b19a6601d782c6a9fc80fdff821613291e1cdb34,相同,10-07 23:55,沒有（最高涵蓋 0%）,沒有（最高涵蓋 7%，10-07 23:35）
RQ3-GJ,第 6 版（確認版）,9,2026-10-08 00:07:11,局部修改（確認）,確認指令的 sed（狀態、確認兩行）,4e96b91475c30a490285a91faf6a878583d2691518c6ccff0b520dd6c154e700,相同,沒有,沒有（最高涵蓋 0%）,沒有（最高涵蓋 7%，10-07 23:35）
RQ3-GJR,—（scratchpad 模板）,1,2026-10-09 00:17:17,新建模板（scratchpad）,Write 寫入 scratchpad/rq3gjr_criteria_template.md,4664a65373a7194088890b9aa641e89ec29d5f98d69628e7918ec89aef76f00a,沒有印出,沒有,沒有（最高涵蓋 0%）,沒有（最高涵蓋 9%，10-09 00:25）
RQ3-GJR,第 1 版,2,2026-10-09 00:17:36,新建（gjr_fill.py 填模板）,gjr_fill.py：模板 + 第零階段的表（時間固定 00:17）,9a18aa29a583f601e4491a10036c3a73ee6ffda0b27cdddaa9ecdd4857b23600,相同,10-09 00:18、10-09 00:22,沒有（最高涵蓋 0%，10-08 00:07）,沒有（最高涵蓋 8%，10-09 00:17）
RQ3-GJR,—（scratchpad v1）,3,2026-10-09 00:22:21,複製備份（scratchpad）,cp → scratchpad/rq3gjr_criteria_v1.md,9a18aa29a583f601e4491a10036c3a73ee6ffda0b27cdddaa9ecdd4857b23600,沒有印出,10-09 00:18、10-09 00:22,沒有（最高涵蓋 0%，10-08 00:07）,沒有（最高涵蓋 8%，10-09 00:17）
RQ3-GJR,第 2 版,4,2026-10-09 00:22:21,局部修改（第二版）,gjr_edit2.py：逐段替換（時間固定 00:22）,e53805ce3308d53c49060f7dae73c2af1242ebb8cb504f336af9560216280ddd,相同,10-09 00:22、10-09 00:25,沒有（最高涵蓋 0%，10-08 00:07）,沒有（最高涵蓋 13%，10-09 00:25）
RQ3-GJR,—（scratchpad v2）,5,2026-10-09 00:25:21,複製備份（scratchpad）,cp → scratchpad/rq3gjr_criteria_v2.md,e53805ce3308d53c49060f7dae73c2af1242ebb8cb504f336af9560216280ddd,沒有印出,10-09 00:22、10-09 00:25,沒有（最高涵蓋 0%，10-08 00:07）,沒有（最高涵蓋 13%，10-09 00:25）
RQ3-GJR,第 3 版,6,2026-10-09 00:25:21,局部修改（第三版）,gjr_edit3.py：逐段替換（時間固定 00:25）,273ebf17984709979d9d27a7528e5ee3b54459db3c3f918ab7e77538037c5827,相同,10-09 00:25,沒有（最高涵蓋 0%，10-08 00:07）,沒有（最高涵蓋 10%，10-09 00:25）
RQ3-GJR,第 4 版（確認版）,7,2026-10-09 00:28:17,局部修改（確認）,確認指令的 sed（狀態、確認兩行）,46c3cd12ac5eec205317bb2ca9a69d49f86ffb00f93aac75f8c9b96831d945de,相同,沒有,沒有（最高涵蓋 0%，10-08 00:07）,沒有（最高涵蓋 9%，10-09 00:25）
