實驗,步驟,區塊,對應的指示,指示以外的部分
RQ3-GJ,3,1,（沒有）,第一版顯示給使用者之前的修正：sed 把附錄 A.4 的「都明顯低於」改成「都低於」；沒有對應的使用者指示
RQ3-GJ,4,1,（沒有）,第一版顯示給使用者之前的修正：sed 把建立時間 18:30 改成 18:18；沒有對應的使用者指示
RQ3-GJ,6,1,GJ2-0c,另加「修改：」一行，寫第一版的雜湊與這次改了什麼（指示只說更新建立時間與 sha256）
RQ3-GJ,6,7,GJ2-A5,菜單表拿掉了第一版的「RQ3-GS 名次」欄（指示列出的欄位沒有它，也沒有說要刪）
RQ3-GJ,6,8,GJ2-A5、GJ2-B5,跟著新菜單改寫第 3 節的描述：英文落單組落單的是 W1、W2、相像的一對都在 EN、S1、S2、P1、P2 之中、對稱組 10 份中 5 份含翻譯的 path 等句子，指示沒有逐字要求
RQ3-GJ,6,10,GJ2-E1,第 5 節分母規則的說明改寫，並新增 K = 2 的分母與「逐配對另列時最小 7.72pp，那一格會標為『分母過小』（只描述）」，指示沒有提
RQ3-GJ,6,15,GJ2-B2,另加「【補充，待確認】這裡拆解的範圍是明顯落單組「落單那條」的替換。「主要來自」的定義見第 6.2 節。」
RQ3-GJ,6,16,GJ2-B1,指示說限制 (a)(c) 不變；限制 (a) 括號裡的份數從「這 3 份是 JA、JA、ZH」改成「這 10 份是 JA 6、ZH 3、ES 1」；限制 (b) 句尾另加「（第 8 節 1）」
RQ3-GJ,6,20,GJ2-B3,另加「【補充，待確認】判定二拆解的範圍是全部菜單、全部參與的替換；判定一、判定四的「反向成立」用該組「落單那條」的替換。」
RQ3-GJ,6,22,GJ2-B5、GJ2-B6,另加：反向成立的拆解範圍「（第 8 節 11，英文落單組「落單那條」的替換）」、限制裡兩組的範圍數字、句尾「（第 8 節 7(a) 與 13 的四種狀態只用來套事先寫好的讀法）」
RQ3-GJ,6,29,GJ2-C11、GJ2-C12、GJ2-C13、GJ2-C14、GJ2-D,另加三個【補充，待確認】（第 13 項 2 換裁判的表用另一個裁判 RQ1-KJ 的全部題目；第 14 項的順序甲、乙；第 14 項 (d) 的較高、較低怎麼定），以及幾處細節：「四類互斥，合起來等於分子」「票型的定義同第 7 節」「分格與平滑同第 7 節」、K = 2 的 prompt 與 choice-k-v1 的關係、「排除規則同第 4 節；第零階段 96 個替換全部參與」、原本的版本在兩個供體子集二的聯集上呼叫、agg_no_answer 算錯、多數決「程式也實際算一次核對」、(b)「以每次呼叫為單位」、(c)「原本的版本與替換的版本分開」、「逐配對的值另外列，只描述」
RQ3-GJ,6,30,GJ2-E1,另把逐列的呼叫數表存成 result/analysis/rq3gj/rq3gj_stage0_calls.csv（gj2_edit.py 在確認前就寫進 result/analysis/）
RQ3-GJ,6,34,GJ2-E2,第 11 節試跑的停止門檻從「超過 60 美元就停」改成「超過 300 美元就停」（標「【待確認】」；指示只說刪掉換成只用 gemini 的 60 美元退路、總估計超過 300 美元先回報）
RQ3-GJ,6,37,GJ2-D,第 12 節「換成它自己」的檢查擴到 K = 2 的 3 個配對，指示沒有提
RQ3-GJ,6,39,GJ2-C12、GJ2-C13,輸出清單另列 rq3gj_stage0_calls.csv
RQ3-GJ,6,45,GJ2-E1,附錄 A.2 改成指向 rq3gj_stage0_calls.csv（附 sha256 與欄位說明）
RQ3-GJ,6,46,GJ2-E1,附錄 A.2 第一版逐菜單 × 版本的呼叫數表拿掉，改放 CSV；表改成依宿主 × 資料集
RQ3-GJ,8,1,GJ3-0,「修改：」一行加上第二版的雜湊與這次改的四處
RQ3-GJ,8,7,GJ3-2b、GJ3-1b,第 15 項的限制寫成「其中 4 份落單的是 ES、6 份都含 P2」；指示原文是「其中 4 份落單的是 ES、5 份含 P2」
RQ3-GJR,4,1,GJR2-0,另加「修改：」一行，寫第一版的雜湊與這次改了什麼
RQ3-GJR,4,2,GJR2-2,另加「【補充，待確認】子集一用寫這份候選的模型自己的子集一（…）。供體寫的候選用供體的子集一。」
RQ3-GJR,4,4,GJR2-2,另加「【補充，待確認】操作定義：「仍為負」= …；「多數同號」= 8 個區塊中至少 5 個為負。…」；變化寫成「M5 − M4，逐區塊相減後報平均、95% t 區間、幾個區塊為正」（指示只說「在 M4 與 M5 之間的變化」）
RQ3-GJR,6,1,GJR3-0,「修改：」一行加上第二版的雜湊與這次的修改
RQ3-GJR,6,4,GJR3-5,操作定義前的「【補充，待確認】」拿掉了（指示說操作定義不變，沒有說要拿掉這個標記）
