來源,配對,名稱,英文 path 數,對稱,區塊數,d_mean,d_se,d_ci_low,d_ci_high,c_mean,c_se,c_ci_low,c_ci_high,m_mean,m_se,m_ci_low,m_ci_high,headroom_pp_mean,headroom_pp_se,headroom_pp_ci_low,headroom_pp_ci_high,recovery_mean,recovery_se,recovery_ci_low,recovery_ci_high,recovery_blind_mean,recovery_blind_se,recovery_blind_ci_low,recovery_blind_ci_high,strongest_pp_mean,strongest_pp_se,strongest_pp_ci_low,strongest_pp_ci_high,aggregation_pp_mean,aggregation_pp_se,aggregation_pp_ci_low,aggregation_pp_ci_high,excess_pp_mean,excess_pp_se,excess_pp_ci_low,excess_pp_ci_high,vs_en_pp_mean,vs_en_pp_se,vs_en_pp_ci_low,vs_en_pp_ci_high,excess_pp_n_positive
語言,EN+ZH,English + Chinese,1,False,16,0.15990443207042038,0.018838009590404856,0.11975216508970124,0.2000566990511395,0.8050073375933613,0.012803022700615027,0.7777183406763439,0.8322963345103787,0.40250366879668065,0.006401511350307513,0.38885917033817197,0.4161481672551893,6.425239242587591,0.7577325264178357,4.810170593498435,8.040307891676749,0.4465235396453052,0.025476682888887946,0.3922212754794145,0.5008258038111959,0.2605782651189987,0.04885927440268806,0.1564371868970088,0.36471934334098854,1.8646104691219918,0.47327612720868945,0.8558462828587399,2.873374655385244,2.753282598455119,0.3080312062800703,2.0967296238112336,3.409835573099004,0.8886721293331267,0.3704083614425309,0.0991653956649029,1.6781788630013503,1.0006318625205304,0.4513234344678887,0.038658733223471686,1.9626049918175892,14
語言,EN+JA,English + Japanese,1,False,16,0.17169332454565073,0.02003576450382951,0.12898810339902061,0.21439854569228084,0.8048213459218605,0.010922056524116997,0.7815415335069531,0.8281011583367679,0.40241067296093025,0.0054610282620585005,0.39077076675347655,0.41405057916838395,6.924442471390783,0.8177273202305859,5.181497946293487,8.667386996488078,0.4628759957912942,0.03331588119801453,0.39186487595186265,0.5338871156307258,0.31822852814267066,0.03015502760518755,0.25395460825725114,0.3825024480280902,2.3618775919053965,0.4130869764006313,1.4814035437796091,3.242351640031184,3.114131108229974,0.38787121631144145,2.2874031804872343,3.9408590359727134,0.7522535163245769,0.36206435118251573,-0.019468380466791335,1.523975413115945,0.7857130189502654,0.387363489706091,-0.039932715150231335,1.611358753050762,13
語言,EN+RU,English + Russian,1,False,16,0.15664360148287326,0.01963392124708074,0.1147948889632266,0.19849231400251993,0.8095089448358184,0.015954519903325564,0.7755026906382507,0.843515199033386,0.4047544724179092,0.007977259951662785,0.38775134531912536,0.421757599516693,6.304119934347451,0.7811220524610354,4.639197690602658,7.969042178092244,0.4185119431246569,0.029229885231565427,0.35620991753107234,0.48081396871824145,0.23029032284312156,0.04622799777260024,0.13175767799857446,0.32882296768766867,1.6820655405500466,0.4441088516388886,0.7354699305452637,2.6286611505548296,2.5033171141874404,0.2968167897644219,1.8706671025295518,3.1359671258453288,0.8212515736373935,0.4496796835855258,-0.13721798358843929,1.7797211308632264,0.7183617772140425,0.4144563375855589,-0.1650309951870661,1.601754549615151,12
語言,EN+ES,English + Spanish,1,False,16,0.14170465175299357,0.0171239238309592,0.10520587208529536,0.17820343142069178,0.8105222083845329,0.014030969855211151,0.7806159040628802,0.8404285127061857,0.40526110419226646,0.007015484927605574,0.3903079520314401,0.42021425635309284,5.69132501682814,0.6785371887178038,4.245057234290169,7.137592799366111,0.35556635529308717,0.029999761135268067,0.29162337805441824,0.4195093325317561,0.19795063381463399,0.037378934600127235,0.1182793206476842,0.27762194698158377,1.2772518048835648,0.3576800677142531,0.5148747870982302,2.0396288226688997,2.0119122253052235,0.2797105306083281,1.4157233419518187,2.6081011086586283,0.7346604204216588,0.32989393942075473,0.031508133160366825,1.4378127076829508,0.7323782970246121,0.36496917759111897,-0.04553509069530359,1.5102916847445278,12
語言,ZH+JA,Chinese + Japanese,0,True,16,0.17857491899301076,0.021648515114485064,0.13243220129019762,0.2247176366958239,0.7886034198116743,0.012026106584641833,0.762970380396986,0.8142364592263626,0.39430170990583713,0.0060130532923209174,0.381485190198493,0.4071182296131813,6.934479919906561,0.8056037239742097,5.217376228540469,8.651583611272654,0.3761699374986898,0.04527702619995189,0.2796642405805043,0.4726756344168753,0.08128834157272388,0.030594550153852734,0.0160776015506887,0.14649908159475905,0.49189478441016665,0.25562871786956887,-0.05296493012495407,1.0367544989452875,2.352073039764537,0.31984135260127344,1.6703473341113284,3.0337987454177453,1.86017825535437,0.3981603775423242,1.0115194995818744,2.7088370111268656,-1.7187204516238883,0.9278468024365903,-3.6963790970264503,0.25893819377867344,15
語言,ZH+RU,Chinese + Russian,0,True,16,0.17460862329161408,0.021852196643789706,0.12803176868572566,0.2211854778975025,0.7742385103429101,0.01251109076370106,0.7475717516201624,0.8009052690656578,0.38711925517145507,0.00625554538185053,0.3737858758100812,0.4004526345328289,6.728557952323794,0.829970285714171,4.959518164010207,8.497597740637381,0.3848327455445658,0.037880576125758895,0.30409220877577453,0.4655732823133571,0.10342681969167869,0.025905164766459914,0.04821126802255658,0.15864237136080078,0.597576539169109,0.17773184889866633,0.21875007060254792,0.9764030077356701,2.3270448561710806,0.28700429442609515,1.715309683242876,2.938780029099285,1.7294683170019718,0.3093228479783476,1.0701622732472673,2.3887743607566763,-1.196832940993211,0.8909189554136847,-3.0957817436402997,0.7021158616538776,16
語言,ZH+ES,Chinese + Spanish,0,True,16,0.17138632098335546,0.02168425637452058,0.1251674225880819,0.21760521937862903,0.7920854969244886,0.01224605436603155,0.7659836499111103,0.8181873439378669,0.3960427484622443,0.006123027183015776,0.38299182495555517,0.4090936719689334,6.7161801577521585,0.8261516631869749,4.955279570688828,8.477080744815488,0.3650839391543841,0.04204970107746815,0.2754571229018902,0.454710755406878,0.06506289659947939,0.027769052201086438,0.005874562904848009,0.12425123029411078,0.5082509384175985,0.21376056602918325,0.05263107709609538,0.9638707997391016,2.093027117967831,0.24597651713874352,1.5687405822940796,2.617313653641582,1.5847761795502322,0.2737268004336091,1.0013413151584847,2.1682110439419797,-0.92660924175393,0.8745398447663647,-2.790646796455115,0.9374283129472551,15
語言,JA+RU,Japanese + Russian,0,True,16,0.18407770836187848,0.022713572523410944,0.1356648745288152,0.23249054219494175,0.785819536344145,0.011399863204241866,0.7615213030980201,0.8101177695902699,0.39290976817207246,0.005699931602120932,0.38076065154901,0.4050588847951349,7.161960948416352,0.8642405701796344,5.319875777852649,9.004046118980055,0.4021584033544482,0.04206249751290546,0.31250431214545665,0.49181249456343973,0.050218255523606384,0.023279128048916027,0.0005999686227164819,0.09983654242449629,0.38746648600161776,0.19318109979329148,-0.02428928136353109,0.7992222533667666,2.539614507416804,0.3140399098115977,1.870254284361241,3.2089747304723666,2.152148021415186,0.2769244144076417,1.561897604171611,2.742398438658761,-1.5278142656764069,0.8507083577767233,-3.341056208263507,0.28542767691069315,16
語言,JA+ES,Japanese + Spanish,0,True,16,0.17772570735474877,0.022049939621235352,0.1307273735694462,0.22472404114005134,0.7909389779545485,0.01496421057275765,0.7590435181295834,0.8228344377795136,0.3954694889772742,0.007482105286378826,0.37952175906479163,0.41141721888975674,6.981874723310119,0.8639248322547324,5.140462532202964,8.823286914417274,0.3583711769473827,0.03793585125696953,0.27751282402529176,0.4392295298694736,0.11445734404656617,0.020182251848209425,0.07143989251632724,0.1574747955768051,0.903835379346101,0.19469366231610039,0.48885566127908037,1.3188150974131216,2.223364714416597,0.3027725000318935,1.5780204068156205,2.8687090220175735,1.319529335070496,0.2957239913830744,0.6892085680259189,1.949850102115073,-1.373848287016592,0.7500774373444479,-2.9726004999790567,0.22490392594587272,14
語言,RU+ES,Russian + Spanish,0,True,16,0.15790446016887089,0.020369913119060164,0.11448701810815798,0.2013219022295838,0.7864443347237066,0.017731442704384343,0.7486506592293274,0.8242380102180857,0.3932221673618533,0.008865721352192171,0.3743253296146637,0.41211900510904287,6.1324996834275725,0.7820627145953853,4.4655724658039935,7.799426901051151,0.38992007533888295,0.034754169705661704,0.31584331611344296,0.46399683456432295,0.038640647954894455,0.025004106686332885,-0.014654343878817928,0.09193563978860683,0.2995638475950023,0.1294010693209278,0.023751997195961716,0.575375697994043,2.1013763554244997,0.2285380252163619,1.6142590854339565,2.588493625415043,1.8018125078294978,0.2717660570623648,1.222556869005348,2.3810681466536474,-0.9258126163502209,0.7857783038950252,-2.600659425098004,0.7490341923975621,16
採樣,EN+S1,English + resample,2,False,16,0.08105541382151793,0.009828417454706284,0.060106637904112456,0.1020041897389234,0.7745870398255061,0.018366640944040107,0.7354394713318723,0.81373460831914,0.387293519912753,0.009183320472020055,0.3677197356659361,0.40686730415956995,3.0742107147663353,0.34263888857532254,2.3438932114213573,3.8045282181113134,0.3518839931219644,0.04309632551581066,0.2600263496859936,0.4437416365579352,0.00357801036554058,0.028984378131744554,-0.058200729231699055,0.06535674996278022,-0.020762657280120896,0.06864574981365452,-0.1670776095250449,0.12555229496480314,1.0539764355007535,0.18872059696908827,0.6517280048532206,1.4562248661482864,1.0747390927808744,0.21560633507442284,0.615185067866687,1.5342931176950618,0.9174574768454111,0.1977913585885074,0.49587517546628634,1.339039778224536,16
persona,P1+P2,Expert + skeptic,2,True,16,0.08480672213502594,0.009238028522742173,0.06511633043835888,0.104497113831693,0.7935074786444305,0.017351823507482517,0.7565229423147735,0.8304920149740875,0.39675373932221525,0.008675911753741258,0.37826147115738673,0.41524600748704377,3.34628489223459,0.35156697672822124,2.5969376194533984,4.095632165015782,0.2939525126203796,0.04390960815536379,0.20036139827192162,0.38754362696883754,0.10182661125681194,0.041976743164613486,0.012355301114517103,0.19129792139910679,0.3496585491620865,0.14014689342762265,0.05094251685416584,0.6483745814700071,0.882646182555665,0.1612675150351721,0.538912610920393,1.226379754190937,0.5329876333935784,0.19957445492757447,0.10760475213285975,0.9583705146542969,1.9336185445962641,0.47885516884129475,0.9129629125805367,2.9542741766119915,13
